-- MySQL dump 10.13  Distrib 5.7.12, for Win64 (x86_64)
--
-- Host: localhost    Database: evolve
-- ------------------------------------------------------
-- Server version	5.7.17-log

/*!40101 SET @OLD_CHARACTER_SET_CLIENT=@@CHARACTER_SET_CLIENT */;
/*!40101 SET @OLD_CHARACTER_SET_RESULTS=@@CHARACTER_SET_RESULTS */;
/*!40101 SET @OLD_COLLATION_CONNECTION=@@COLLATION_CONNECTION */;
/*!40101 SET NAMES utf8 */;
/*!40103 SET @OLD_TIME_ZONE=@@TIME_ZONE */;
/*!40103 SET TIME_ZONE='+00:00' */;
/*!40014 SET @OLD_UNIQUE_CHECKS=@@UNIQUE_CHECKS, UNIQUE_CHECKS=0 */;
/*!40014 SET @OLD_FOREIGN_KEY_CHECKS=@@FOREIGN_KEY_CHECKS, FOREIGN_KEY_CHECKS=0 */;
/*!40101 SET @OLD_SQL_MODE=@@SQL_MODE, SQL_MODE='NO_AUTO_VALUE_ON_ZERO' */;
/*!40111 SET @OLD_SQL_NOTES=@@SQL_NOTES, SQL_NOTES=0 */;

--
-- Table structure for table `account`
--

DROP TABLE IF EXISTS `account`;
/*!40101 SET @saved_cs_client     = @@character_set_client */;
/*!40101 SET character_set_client = utf8 */;
CREATE TABLE `account` (
  `id` int(11) NOT NULL AUTO_INCREMENT,
  `email` varchar(45) NOT NULL,
  `password` varchar(100) NOT NULL,
  PRIMARY KEY (`id`),
  KEY `AccountEmail` (`email`)
) ENGINE=InnoDB AUTO_INCREMENT=2186 DEFAULT CHARSET=utf8;
/*!40101 SET character_set_client = @saved_cs_client */;

--
-- Dumping data for table `account`
--

LOCK TABLES `account` WRITE;
/*!40000 ALTER TABLE `account` DISABLE KEYS */;
INSERT INTO `account` VALUES (1,'assessor@gmail.com','$2a$10$tmSrZHTAMBPcOb2s4qWbuOXEKCyA69qchb2DTaLGYkAIDyN6bZ2Dq'),(2,'company@gmail.com','$2a$10$TMDX0hKfpg0T9vximuTjZukfJnqn8biGkn8.KsBQFNQZ1.bpcglb2'),(3,'customer@gmail.com','$2a$10$1x4WaQ.sJPGfDCoRDY2zyOZbIOwCwsS41hrKLuqDz2rRVAzPoQe9e'),(17,'asda@gmail.com','$2a$10$MBwWUPVebkWdjxgv4z/FLeO329wpKf1Qy1XBUAbc8GjEAKephtS0O'),(18,'supra@gmail.com','$2a$10$D52IRX9Abv/gcG0x8BN7X.YJYlKlRt/nZ6uWFlG/SWeUmX8jR6jmy'),(19,'supra1@gmail.com','$2a$10$72kFXB5aC.QJWDgXOU6UjO/NZJFi9UYBmkrqXclAF7vGv8sSbcILm'),(83,'oliversimon98@gmail.com','$2a$10$5QE3.TQ08/Xe1LIWdsoBTeHQiCddszyp0qLGLBk/95gMq6JqjR8me'),(84,'oliversimon99@gmail.com','$2a$10$wLIR22ZVCHw2Nmkfoll4BuGsv8iZ96dDtC4fzerYq1GfAJ6M/ifuq'),(85,'joshteague20@icloud.com','$2a$10$T8eUbivgQ.iHtL83VnwODOuoHnvFNEzIejQGNtsYE965rIuQ8qBay'),(86,'pol@pol.com','$2a$10$VnGzRMEuv18D3xXkIdWTpOWv3yiMXVesCLh80eRTkS.6fT3uRppEG'),(87,'zkuvsfmiwe@hotmail.com','$2a$10$sgI3Um3QEE3kUOOxvbaIyecBXulAejpyJ8Ff6djYOl70ktXZXPVOm'),(88,'zrpheihemn@hotmail.com','$2a$10$6tAdb8wD6XNinGLTn9aP0OkptlQq8Q/4H6r5JSEttTVIt9kGLqX0C'),(89,'myxcqitpnq@hotmail.com','$2a$10$t1aE7iml6ZEWJxIVMVJItuxYixjjn4MkWXg0/2ZuYRSqkc3FrgXFG'),(90,'vpvlfniuuf@hotmail.com','$2a$10$lJw23zwNYWvWov1oR66ptuZkb.pUYrpMF81EXF6RksmZzp8l/LlY.'),(91,'oumoqeapqw@hotmail.com','$2a$10$MTMRkejMw2wkOKCSRXTSD.GkenMfcdR8GoBsWMPl8kACa5icIvqpW'),(92,'Test@Test.com','$2a$10$umOy7p8HWbfDR9BxXIEwm.qVagYgHFzXXXG1RSrBqNGpqRfeqPfdS'),(93,'wadekmlrgb@hotmail.com','$2a$10$9WAWir6Q9yj0BBtRKsHCUee.q5yARt8lnOdyjW8ScL5Ubd5SSoXwq'),(94,'vougvlxbef@hotmail.com','$2a$10$Zg8s9M7kKflGKD66ATHza.4DRvOslDGC73LTiKkESAegHh.k3G1a6'),(95,'Cras@enimmitempor.org','Proin mi. Aliquam gravida mauris ut mi. Duis risus odio,'),(96,'placerat.augue.Sed@necquamCurabitur.edu','sodales purus, in molestie tortor nibh sit amet orci. Ut'),(97,'lectus.ante.dictum@egettinciduntdui.co.uk','QXT30EYV8IP'),(98,'nisl.arcu@mauris.com','BZA64SDP2BR'),(99,'nascetur@In.co.uk','COG36YFE3ZA'),(100,'porta.elit@atvelitCras.com','BEI93XQL2DP'),(101,'rutrum@Phasellusataugue.net','XUG58FYF3BY'),(102,'magna.Sed@Etiam.co.uk','BTQ32KKA8OV'),(103,'Quisque.imperdiet.erat@ornareplacerat.com','LIR55PFV0OZ'),(104,'Sed.congue.elit@cursus.co.uk','GLM29KIL1HY'),(105,'lobortis@tempor.co.uk','PPK12YAJ5SY'),(106,'lorem@temporaugueac.com','ZHZ70NNN4HZ'),(107,'odio@magnanec.com','CGK47NQX6FT'),(108,'nunc.Quisque@feugiat.org','XHC10PCC0SH'),(109,'risus@ullamcorpernislarcu.ca','OFP26VES9GN'),(110,'metus@nisisemsemper.com','GAK13FEF7PL'),(111,'sagittis@Phasellus.net','UVT00AZQ7BL'),(112,'imperdiet@Curabitur.net','YVA12YWJ7IJ'),(113,'semper.erat@neque.org','YXI45KIQ3PM'),(114,'elementum.purus@fermentummetusAenean.edu','SID55QDP9RS'),(115,'per.inceptos.hymenaeos@seddolor.net','SQG28YNK9FQ'),(116,'auctor.non@nullaIntincidunt.co.uk','SSK93XLQ3SY'),(117,'enim@ipsumprimis.org','FOP38TZD7EQ'),(118,'ultrices.posuere@suscipitestac.net','LDP45YBL3DI'),(119,'non.nisi@euaugue.com','OXG96LVC2YA'),(120,'Suspendisse.non@semper.org','VLO24ZAD6NR'),(121,'convallis.ligula.Donec@nec.ca','RHQ17HMD3FL'),(122,'arcu@duiCraspellentesque.com','ATQ27ZXX8LX'),(123,'Nulla.aliquet@quis.edu','VUN46PMU1SE'),(124,'euismod.in@Namconsequatdolor.edu','WUF42SJY0JC'),(125,'fringilla@dictum.edu','HLY49HWU8XU'),(126,'pede@lobortisquam.ca','LFW51IZO0AE'),(127,'dictum.eleifend.nunc@mollisDuissit.net','SUM89DRW1HD'),(128,'Nullam@ultricesposuere.edu','ISH80JBI3DD'),(129,'fames.ac@ipsum.org','TBQ38CAP7VD'),(130,'posuere.at@risus.net','EDJ59VGK5ZD'),(131,'laoreet@interdumfeugiat.ca','UWZ36JUO4YJ'),(132,'parturient.montes.nascetur@Curae.org','GKS33WQZ8XE'),(133,'Aliquam@lobortismaurisSuspendisse.net','FGP38ETH4DB'),(134,'molestie.Sed@Donec.com','CHI56VVN1DJ'),(135,'interdum.libero.dui@Vestibulumuteros.ca','YJB07XOQ9WR'),(136,'mollis@ultricies.co.uk','OKB23WVD8WI'),(137,'libero@velitduisemper.co.uk','TUB06VCL7UV'),(138,'risus.odio@nuncsed.edu','ITC47FDL7ZN'),(139,'Proin.nisl.sem@arcuVivamussit.org','MKN04FOP6JM'),(140,'erat.nonummy.ultricies@sempertellusid.co.uk','IDN51ETD3HL'),(141,'massa.lobortis@tellus.co.uk','SGW60YBY9GT'),(142,'lacus@dapibus.ca','CEQ73LRK1NY'),(143,'montes@nonnisiAenean.net','QAR56KNG3MI'),(144,'vel@Cras.com','YVU90AGU5PO'),(145,'egestas.a@idnunc.org','UAS64SAP5MI'),(146,'elit@vellectusCum.com','BQG11DBA0UR'),(147,'sit.amet@neque.ca','YVB11IIN3VX'),(148,'neque.Morbi.quis@mauris.edu','YQZ81YWZ3TK'),(149,'scelerisque.neque@Aeneansed.com','NXQ05IVI2HQ'),(150,'lectus.quis@enim.com','HBE50KXC1KV'),(151,'eu@lacusQuisquepurus.com','JVR74XJO5TL'),(152,'auctor.quis.tristique@rhoncusProinnisl.org','EGL53KQI6TA'),(153,'Suspendisse.commodo@laoreetlibero.net','RPG23AOQ0ZO'),(154,'Vivamus.molestie.dapibus@Phasellus.com','TVL21BOZ9AV'),(155,'in.felis@ultricesaauctor.com','MFZ13NCZ1YR'),(156,'nulla@ipsumPhasellus.org','FTZ80JFO4EM'),(157,'hymenaeos.Mauris@ametorci.com','JTL90ZJX5SD'),(158,'porttitor.tellus@purus.co.uk','CXC92JBM4XH'),(159,'sapien.gravida.non@placeratCrasdictum.net','HVK45UOA7YN'),(160,'Praesent.luctus@Morbineque.co.uk','BSS05EUK1UA'),(161,'magna.Suspendisse@malesuada.net','NGW18PVW4KE'),(162,'risus.Donec.nibh@Quisquenonummy.edu','LQG58DJT1OI'),(163,'sem.molestie.sodales@Morbi.edu','RLO87FEL6ZY'),(164,'arcu@vehiculaPellentesque.co.uk','WRW84ZDH5JY'),(165,'Vivamus.rhoncus@eudolor.org','TRS67IYN2LS'),(166,'luctus.lobortis.Class@Aeneanegetmagna.net','EBD95WLB6PC'),(167,'euismod@aliquetvel.com','DXM59FYR2VH'),(168,'ullamcorper.Duis@iaculisenim.edu','ZIW64HUK7MS'),(169,'varius@montesnascetur.org','ZYI18FOP0ZQ'),(170,'justo.Praesent.luctus@nisi.org','LNX79RJU9PY'),(171,'nec@nisinibh.org','HYG15WIR5JS'),(172,'Curabitur.vel.lectus@felisorci.edu','UHR63NKR4OU'),(173,'Mauris.non@sapien.com','JRA09WCH1YU'),(174,'Nulla.dignissim@sem.ca','TJR97MWH3CA'),(175,'fringilla.euismod.enim@tinciduntneque.edu','WSX14GYO1YS'),(176,'eu.ligula.Aenean@lacuspede.net','WQI60RIO4RJ'),(177,'Lorem.ipsum@adipiscingelitAliquam.ca','NFV67XXJ9XW'),(178,'Cum@bibendumsed.com','RSO02EFZ2GZ'),(179,'mi.Aliquam@lobortisClass.ca','HLF10TZK4PW'),(180,'eu.accumsan@Nam.co.uk','ZMF46FSB2TE'),(181,'bibendum@aarcuSed.co.uk','NBT74ELX0TA'),(182,'Sed@InfaucibusMorbi.net','QYR47XPM0YG'),(183,'est.Nunc.laoreet@diamnuncullamcorper.net','NLF79HUV7ZP'),(184,'amet.faucibus@turpis.com','WCO23ILG4WV'),(185,'ldellcasa0@irs.gov','sFFRlIV8'),(186,'kcowen1@disqus.com','SrhlgQxcKnl8'),(187,'dmcsparran2@paypal.com','eRhS25iP'),(188,'dpetrolli3@dion.ne.jp','2V4xDmxhr1EO'),(189,'mmusso4@businessweek.com','NO1ogor'),(190,'egrinham5@imdb.com','PhvTpcFzx'),(191,'mspottiswoode6@reuters.com','DAexcBgPs'),(192,'bsouthwick7@nasa.gov','Y22reI'),(193,'lmullany8@blogs.com','5Kbh6i'),(194,'fpedroli9@g.co','aIx2fNUBJ'),(195,'roboylea@fda.gov','yYGQkZ7obE4c'),(196,'dmuldownieb@goodreads.com','dcisk8u'),(197,'rkubanc@soundcloud.com','GuyezQs5Hi'),(198,'nbernolletd@prlog.org','8XjQpddLi'),(199,'aderyebarrette@soup.io','ozibUQ0P7xy'),(200,'dduckerinf@toplist.cz','LhHYw7'),(201,'rjouanetg@ibm.com','IFSLQ1sAx'),(202,'dblackallh@un.org','3SgvW4Q'),(203,'chopkinsi@theglobeandmail.com','6loSNM4nKbRL'),(204,'jfiorentinoj@symantec.com','H3GxaWFo'),(205,'lsewallk@narod.ru','0whgLQh7TMH'),(206,'abouldingl@github.com','x6VePPBk'),(207,'dkolism@about.me','vJJzMweAQs'),(208,'lodgaardn@indiatimes.com','SxrIOXsZV'),(209,'rearngyo@de.vu','pzO9oW2R4'),(210,'pgullbergp@google.it','aY8UD1'),(211,'egennyq@irs.gov','gRSbSe63xQY3'),(212,'cgrzeskowskir@princeton.edu','4YCV3Hk6pEz'),(213,'btaptons@sogou.com','GHDptnnktf'),(214,'gjacobssont@cpanel.net','rpKYjBAZ'),(215,'rjaineu@hibu.com','Z47IlRI1f'),(216,'hmattholiev@so-net.ne.jp','kMft5gQEGXd'),(217,'mallansonw@comcast.net','EeAwoGOh71'),(218,'aspicerx@va.gov','M9InNhW6gQr'),(219,'bschohiery@php.net','GGE4rpt5sTR'),(220,'ayitzowitzz@fastcompany.com','P66dNcwrNZZ'),(221,'eblazeby10@smugmug.com','FhhNerdV'),(222,'dkilshaw11@tumblr.com','j4m3WtmfQYPo'),(223,'showsley12@icio.us','bo4lKoJ'),(224,'thaining13@hexun.com','4p2FhlIL'),(225,'akilloran14@cisco.com','aRQIPly8'),(226,'ahawksley15@cyberchimps.com','KhPOWI1ps'),(227,'jwaterhowse16@printfriendly.com','HTDI2AtC'),(228,'gclipsham17@ft.com','EzW5kxf2Oo6h'),(229,'rsketchley18@dyndns.org','fy6qjy'),(230,'ftebbe19@hud.gov','3UnMWXPI7sXc'),(231,'mspellward1a@facebook.com','ShFoOsVz9oTi'),(232,'cshalloo1b@wsj.com','tQu9bFRC'),(233,'wsnelgar1c@cbslocal.com','Nrux82Z'),(234,'lmclachlan1d@youtu.be','At7AZw'),(235,'cposselwhite1e@elegantthemes.com','2W0vkstImGOF'),(236,'thillatt1f@vk.com','s1xU96e4C'),(237,'dcattermull1g@soundcloud.com','DkITUBC7vh'),(238,'epaz1h@e-recht24.de','IzYVij8'),(239,'awisham1i@businessinsider.com','duUjSWPn0X'),(240,'jduprey1j@joomla.org','032YmnQCulsj'),(241,'dtarbin1k@lulu.com','fiSXjAElN18F'),(242,'ahastelow1l@digg.com','eHZfzfCn1l'),(243,'galgore1m@smh.com.au','vXxAv0'),(244,'ifazackerley1n@clickbank.net','X0C1f1'),(245,'ybanger1o@yandex.ru','aIoN8aOhEv'),(246,'nstonehewer1p@gmpg.org','xOijt8OF'),(247,'kdaltry1q@earthlink.net','k0SJ6xU5uD7S'),(248,'mdyter1r@time.com','Uxwtyi'),(249,'dsteenson1s@ted.com','7YGioC3J'),(250,'gparncutt1t@bloglines.com','z8E0Chjs'),(251,'ipetters1u@slashdot.org','tyVnPzqq'),(252,'aloddy1v@fema.gov','pwWjWzKr'),(253,'nbront1w@psu.edu','J3RvMd'),(254,'wpantlin1x@theglobeandmail.com','vJqBDhMrQ'),(255,'aomolan1y@homestead.com','VuXjODZLn'),(256,'dbarnes1z@moonfruit.com','n82EBdPHN2'),(257,'msimmins20@digg.com','9cBrls13'),(258,'lbradane21@cisco.com','wFmS7Go7jWTI'),(259,'edalziel22@tripadvisor.com','kOHUPI5'),(260,'gcappel23@liveinternet.ru','Cw96PyH'),(261,'lriggulsford24@sakura.ne.jp','fnFiaYPPdL'),(262,'jhandforth25@fc2.com','o2UOfGM8'),(263,'eovenden26@shinystat.com','qWK7oFX5'),(264,'agillio27@twitpic.com','KhuYbp'),(265,'tarnolds28@gizmodo.com','AFYCWj'),(266,'mmasden29@indiatimes.com','Cac5mF0'),(267,'mspottswood2a@nbcnews.com','KQ7Ntw'),(268,'jmcgrill2b@tmall.com','MkWPTEEGk7Fd'),(269,'dsander2c@ovh.net','2Cm4nSlJr'),(270,'qtyers2d@dmoz.org','A8FrUOte9C'),(271,'csmall2e@reuters.com','S0U7gFY40sbQ'),(272,'cjentzsch2f@bbc.co.uk','ea9SgER'),(273,'cottam2g@irs.gov','rLFW72M4l'),(274,'mgiffaut2h@abc.net.au','2DY93rM49aT'),(275,'kmangeot2i@gmpg.org','GN3ECz'),(276,'gmintoft2j@prweb.com','9xmemL'),(277,'tskitteral2k@1688.com','RoK2MN'),(278,'binge2l@unc.edu','XLQ2DbT'),(279,'mloughman2m@mozilla.org','8zIyI0kIv'),(280,'szealey2n@youtu.be','iKOYHnRJ'),(281,'gmcwhorter2o@bloglines.com','byEhXnH9C'),(282,'mvasilic2p@soundcloud.com','wdleiMQvG6'),(283,'alefridge2q@mozilla.com','obwKIX'),(284,'claffin2r@soup.io','bDQts1WDvt24'),(285,'scray2s@berkeley.edu','2vPcUbQzs5'),(286,'abiggs2t@4shared.com','3qyiTNP22CTr'),(287,'nleander2u@bluehost.com','MgPEff8OTwEx'),(288,'jstonelake2v@spotify.com','Tkug9Hw'),(289,'bhearnes2w@xinhuanet.com','Me1kVj9Xl5yN'),(290,'jtures2x@nature.com','EOb9ahGV'),(291,'vmcgray2y@godaddy.com','vSQ8Ve'),(292,'adurnford2z@moonfruit.com','5U35oBaXiuzf'),(293,'mdelacourt30@princeton.edu','d55OEnkTY'),(294,'dyedy31@opensource.org','9AnNvt'),(295,'bpoff32@samsung.com','ELpZqH'),(296,'afraney33@xinhuanet.com','oLF57qHe5'),(297,'aclaworth34@mediafire.com','1qrWVYM'),(298,'jbulch35@ftc.gov','9WgXsRb2'),(299,'rmancell36@go.com','xL6cjUoTuMyL'),(300,'ldenniston37@google.fr','JSVCzN2Y0'),(301,'dpatinkin38@ameblo.jp','I6hiybURvqoF'),(302,'sduffin39@globo.com','Huu55edG'),(303,'brobottham3a@ihg.com','MFiUr0idjqjQ'),(304,'cmora3b@creativecommons.org','lP22c99t'),(305,'swagstaff3c@marriott.com','KKiCNrFR8'),(306,'kmynott3d@deviantart.com','k9NUzAtrCfJ'),(307,'ckochl3e@fastcompany.com','04iSH6Bihxi'),(308,'adew3f@chicagotribune.com','LPpg9qPC'),(309,'ddory3g@washington.edu','0ulBbFoNHkzH'),(310,'ccoker3h@dyndns.org','RbsHzu9mj7Z'),(311,'ljorg3i@oaic.gov.au','NACIqJ'),(312,'lmackowle3j@sina.com.cn','kguIkAf'),(313,'wmatyas3k@illinois.edu','imOARo8'),(314,'istruijs3l@dedecms.com','vyZq7BMFJ0a'),(315,'llowne3m@nsw.gov.au','JbQv5K'),(316,'gstpierre3n@tmall.com','8oo8HJYkT'),(317,'pbonnavant3o@bbb.org','dG5wGa'),(318,'ghusby3p@friendfeed.com','lt2mq1IH'),(319,'jsparrowhawk3q@tmall.com','PkVpLtqpqD'),(320,'aismay3r@google.de','1K8GAsba'),(321,'mbaldoni3s@ucoz.com','ZQyPileH1ac'),(322,'dmoar3t@arizona.edu','x00KgGRpAz'),(323,'mtrevain3u@walmart.com','0VZMKOY6MPam'),(324,'jwaddup3v@foxnews.com','2igX9y'),(325,'cpumphreys3w@nydailynews.com','YyERKlGak'),(326,'briquet3x@earthlink.net','ehI1COEFk'),(327,'ntofts3y@woothemes.com','F6Qg7W'),(328,'alashmar3z@friendfeed.com','UkDEaW'),(329,'dshenfisch40@scientificamerican.com','iku4FJs8Pn'),(330,'clacasa41@ucoz.com','YCchP3gH6KA'),(331,'ftytcomb42@reddit.com','7uPcMHB4C'),(332,'gmaneylaws43@independent.co.uk','UZrLto'),(333,'kcookley44@yellowbook.com','Gvf9ylJ'),(334,'ksabban45@eventbrite.com','ThmSETfTz6h'),(335,'lfranzel46@who.int','B30rbAIhy'),(336,'dbilsborrow47@imageshack.us','OlFfhi'),(337,'wmcart48@dell.com','ZTXD5xo'),(338,'mbaniard49@blogtalkradio.com','IoFH3iik7o'),(339,'sambler4a@rambler.ru','hDu0cVWwv'),(340,'wspinige4b@t.co','1D5gma'),(341,'odelgardo4c@shop-pro.jp','8KpKs6O9'),(342,'rsouthwick4d@is.gd','Z6y5OU7rbPI0'),(343,'cwilkenson4e@sourceforge.net','Wj7WXNQI0uZX'),(344,'rduckering4f@psu.edu','ND6xah7iQMa'),(345,'rfloyed4g@macromedia.com','51MjXrm'),(346,'plesley4h@psu.edu','xAaIWcqiMC97'),(347,'aswindells4i@topsy.com','EJUuAdNxCM'),(348,'mmoxham4j@epa.gov','J85eov3'),(349,'abarsby4k@icq.com','oLv5XW'),(350,'dgeffcock4l@smh.com.au','5DhynswDVc9N'),(351,'hbleackly4m@printfriendly.com','CE8yU8RnA5'),(352,'kellaway4n@sciencedirect.com','Q9msLUx1a'),(353,'ksarten4o@sina.com.cn','Ox6PQe1c'),(354,'lmartinez4p@nsw.gov.au','8oJRLANn89'),(355,'rcurgenven4q@discovery.com','Gc5k9yo'),(356,'ptoogood4r@pcworld.com','PYRFwp'),(357,'abarents4s@rambler.ru','h7rMpYIP'),(358,'tmeddows4t@fotki.com','fFy2UTm'),(359,'mismay4u@mlb.com','jYPs9i'),(360,'xpowter4v@statcounter.com','uSiDkdVzDl8Q'),(361,'bsherar4w@csmonitor.com','VpScy8vkGy'),(362,'pphilipeau4x@usgs.gov','ULy15oM'),(363,'nmacgeaney4y@mediafire.com','yYfUPki8VC1'),(364,'bsilverthorn4z@skype.com','cUX93F'),(365,'adall50@phoca.cz','vWYJ6S3'),(366,'igrieveson51@bigcartel.com','E7FjM0IuS'),(367,'phowsego52@si.edu','UnbTDYAyv'),(368,'dpellew53@miibeian.gov.cn','92kzSS5HP'),(369,'bgrelka54@icio.us','F9Z1KaZFK2Q'),(370,'fcruickshank55@squarespace.com','Dgy9nlk'),(371,'yknightsbridge56@nydailynews.com','fh53hz0yi'),(372,'bgerholz57@epa.gov','GtltEBFhiuQ'),(373,'vtrotman58@free.fr','gs6QpK'),(374,'jwillcocks59@g.co','stJLF6o3Nh'),(375,'gburgoin5a@wunderground.com','npvTpkYVBF'),(376,'etodhunter5b@dmoz.org','myxqSBjDCW6N'),(377,'vsissons5c@cpanel.net','1oxjny19R'),(378,'rfrancescuccio5d@yellowbook.com','aHAlaq43T4zn'),(379,'akeyes5e@linkedin.com','0kV6y9xn9X'),(380,'nplowes5f@edublogs.org','pUjHYf'),(381,'ffaust5g@narod.ru','giDCcYXJRShT'),(382,'ebelverstone5h@samsung.com','QP0ybps'),(383,'mfuncheon5i@go.com','UZeQ87a'),(384,'sgotts5j@phpbb.com','4k4dsiQ'),(385,'bmaffulli5k@washingtonpost.com','nPnrlv7LZoJ8'),(386,'hbaugh5l@t-online.de','gEyoRy6YUbd'),(387,'jjowling5m@dion.ne.jp','o7MUM6q'),(388,'fpickup5n@51.la','tvzPfQ'),(389,'cedler5o@nbcnews.com','4a3F7Fuh'),(390,'cmartinie5p@sakura.ne.jp','ohLUo5g'),(391,'nralfe5q@arstechnica.com','hLY1Lnj'),(392,'wtremolieres5r@tripod.com','bJKnh3oJTo'),(393,'nilden5s@trellian.com','qiM7TMbUV'),(394,'trodman5t@wikia.com','giZxYJQmqGN'),(395,'bcoger5u@buzzfeed.com','r5wlxlBxqC'),(396,'hsacher5v@discuz.net','jxw1mUQ'),(397,'jgarthland5w@msn.com','CV4SGvJ'),(398,'vwallentin5x@unesco.org','JM1fb1lxTYK'),(399,'slago5y@typepad.com','BP6myqc4o'),(400,'dorrow5z@java.com','XAxED4vlAtih'),(401,'dharmant60@army.mil','haRO8u5'),(402,'lmccamish61@vistaprint.com','3fvyFueva'),(403,'ehartnell62@ustream.tv','D9cT3jFIN'),(404,'vcastagno63@cisco.com','XlAcHqOQTT'),(405,'csellman64@meetup.com','0P93Yy'),(406,'fmulloch65@diigo.com','jrJk5SbiHx'),(407,'cizakovitz66@zdnet.com','XKOmrTLep5k'),(408,'leve67@cmu.edu','x6D7hV0'),(409,'wkenney68@artisteer.com','oMBbT0Pb'),(410,'tclancey69@marketwatch.com','tPnCFt8J6'),(411,'gbushby6a@mac.com','cG3rCdcNmu'),(412,'jmallaby6b@mit.edu','NdP0hR6xxSLg'),(413,'bhannon6c@disqus.com','xU5Fil2'),(414,'zpaintain6d@nationalgeographic.com','5DVWCsdLn'),(415,'bruos6e@spiegel.de','tOnY1rUCXHEp'),(416,'rwallbrook6f@geocities.jp','jXoYLJLlS2V'),(417,'tduddle6g@ca.gov','7BvlY1JVN'),(418,'hfairley6h@webmd.com','XXuu2p'),(419,'warnell6i@cisco.com','7elvMD2'),(420,'eheller6j@odnoklassniki.ru','bCNnde'),(421,'twaything6k@illinois.edu','H7T0UPryGUrL'),(422,'msunners6l@about.me','GbtL97peFusm'),(423,'akarmel6m@gnu.org','eFysXKXq8'),(424,'ccanto6n@ustream.tv','meJl46fILw'),(425,'pcurgenven6o@imdb.com','HVYDxaZT'),(426,'slavallin6p@unicef.org','4HU6e3fLDVE'),(427,'cjosefovic6q@dyndns.org','7tz6fKu'),(428,'dthacke6r@photobucket.com','hPVpzMczl'),(429,'agarrett6s@csmonitor.com','RzT2syZdJWg'),(430,'sgailor6t@amazon.co.uk','ZGWKkkT'),(431,'pmciver6u@prweb.com','uFdBT0'),(432,'ldecleen6v@prlog.org','ET8BVo5'),(433,'rstammer6w@discuz.net','4qKfmUxO'),(434,'akobierski6x@eventbrite.com','lNCI2QnHP'),(435,'mpargiter6y@facebook.com','iHnFGl31E'),(436,'ameagher6z@ibm.com','z8RwB0'),(437,'mfollitt70@amazon.co.jp','4eIAqyBF46s'),(438,'felwill71@nasa.gov','9fiuuFhDg'),(439,'acolls72@tinyurl.com','RZPYGiGkf'),(440,'glefeaver73@nba.com','ztd19WFuA'),(441,'holland74@bloglines.com','bBbFC2YK5'),(442,'ldilleston75@bloglines.com','PfZHRhlZ'),(443,'mcockley76@alibaba.com','RccUGr8'),(444,'owhooley77@constantcontact.com','q5C414'),(445,'frichemond78@tuttocitta.it','AeSCwxruNE4'),(446,'rhelm79@shareasale.com','ZPOjjU'),(447,'mmerington7a@omniture.com','HvdhMwwJ9r5p'),(448,'rguthrie7b@princeton.edu','6KviKAKfA'),(449,'bantonacci7c@geocities.com','PkEjrKkM'),(450,'jsowrey7d@delicious.com','OCSq5XP'),(451,'ctrenbay7e@boston.com','D7VQoGdr8'),(452,'jbecken7f@elpais.com','zxeJZh'),(453,'cwyldbore7g@youtu.be','9ZxOD2ga'),(454,'adeblasiis7h@answers.com','emvsRBf'),(455,'sputland7i@census.gov','Cu5OZt'),(456,'jbartelet7j@nature.com','w2gbYmug'),(457,'ppowland7k@discuz.net','swx49gAFwv'),(458,'kneilus7l@dedecms.com','RRmaYTDecwc'),(459,'mcawthra7m@ucsd.edu','0oBH3F'),(460,'hbrozsset7n@upenn.edu','CG3ApKfGxV'),(461,'rclelle7o@tamu.edu','W2wihG0yCKo'),(462,'xgilroy7p@woothemes.com','lcwdzJ'),(463,'chathorn7q@ucla.edu','BlES0NTFgodO'),(464,'gkeslake7r@loc.gov','vcJ5XM4iGK'),(465,'jwitten7s@aol.com','IMAT4Q0zHcJ'),(466,'abeadles7t@is.gd','xw30xvzhpew'),(467,'bheinreich7u@wisc.edu','vI0F9xPAafZ'),(468,'mfluit7v@eepurl.com','XPDeYCT'),(469,'bbozier7w@wisc.edu','I7hEqFy5dRia'),(470,'marchbald7x@phpbb.com','Nht05ZxrZdm'),(471,'bklosser7y@senate.gov','ry1q2nJF'),(472,'kfallowes7z@yahoo.com','spKk7zno7Vx'),(473,'ecorsor80@sitemeter.com','Fbps68'),(474,'jlampel81@yahoo.com','dXfcWFy02U'),(475,'jrennick82@google.nl','c4vChPsd'),(476,'dibert83@i2i.jp','IlsrORR'),(477,'asarton84@addthis.com','Eorbfw'),(478,'fhamon85@nih.gov','ACgsuF0'),(479,'bklagge86@shutterfly.com','qCtqSJ4W66'),(480,'akeningley87@sitemeter.com','N7iPFsw'),(481,'fings88@networkadvertising.org','VsuqVyy'),(482,'gcrowthe89@europa.eu','BYi34F9k6'),(483,'ccorcut8a@ustream.tv','Nm4slUn6HHaV'),(484,'brupel8b@guardian.co.uk','C3UVY5'),(485,'elabastida8c@de.vu','cNciwBR4XNNh'),(486,'mvittel8d@quantcast.com','5IHvNP'),(487,'cmcgerr8e@wired.com','O2tTsfuQaCc'),(488,'sdenison8f@w3.org','RqMZL3v0'),(489,'jbeven8g@washington.edu','7pbBNts8x'),(490,'jpinor8h@eepurl.com','iTM2PscZFZ7P'),(491,'cedgerly8i@blinklist.com','oKDlCL'),(492,'jharman8j@miibeian.gov.cn','fzS7s6A8'),(493,'gcrasford8k@jimdo.com','Kji0r3M'),(494,'lromaynes8l@google.com','ak79nlB'),(495,'mpane8m@msn.com','F0w8cWR'),(496,'cmasser8n@wikimedia.org','ygodb37MMZ'),(497,'lspatari8o@themeforest.net','QMpNy1v5'),(498,'ggowling8p@nationalgeographic.com','auWHLQ3QVZ4J'),(499,'gsugge8q@creativecommons.org','2ngMNrR3w8'),(500,'mglason8r@angelfire.com','AQg1a1'),(501,'fmuff8s@123-reg.co.uk','d3Ue3ZfRBanb'),(502,'dgynn8t@icio.us','PcTuRITRgM1V'),(503,'mwhitham8u@skype.com','DmIRXg'),(504,'kwebber8v@xing.com','aZ0CxTQWgmt'),(505,'areffe8w@reuters.com','IxoXAu'),(506,'ebenedit8x@goo.gl','aTM9eVKq7Pdn'),(507,'kraymont8y@deliciousdays.com','8Q42pFcfmIIU'),(508,'rcovil8z@bloglines.com','QbQY19UMT'),(509,'thowkins90@g.co','KH0HRRf2YoZ'),(510,'gpietzner91@mashable.com','S4WWrSC7nx'),(511,'alugsdin92@rakuten.co.jp','SPY1kN5NM'),(512,'tmatijevic93@last.fm','GM90P5a6Ek'),(513,'asealand94@nba.com','sUJHcHw'),(514,'mpally95@upenn.edu','4u81YwKJmS'),(515,'gtunnock96@unblog.fr','ZWwD6TH'),(516,'lcargill97@bbb.org','5NOuugkZfi0'),(517,'gbassano98@fastcompany.com','ASdRkOBgK'),(518,'pguppie99@unesco.org','qnfp8KD'),(519,'cmckeaveney9a@friendfeed.com','sCocBD'),(520,'wgally9b@eventbrite.com','ydRyICT00XaC'),(521,'fsteinson9c@reverbnation.com','Qmrdx0'),(522,'frhucroft9d@skype.com','vzduN3dz3HQ'),(523,'jsouthcomb9e@jimdo.com','Oo4NHeQ'),(524,'iudell9f@devhub.com','dCeQTGMQkcq'),(525,'coilier9g@unicef.org','jpYNazf'),(526,'pmccathay9h@tumblr.com','HnRpAfEVq'),(527,'cfreer9i@upenn.edu','oupANmxz'),(528,'sjacqueminot9j@independent.co.uk','J8aSpfca'),(529,'duzelli9k@desdev.cn','6cg73obz08'),(530,'cleachman9l@bandcamp.com','WZnMdZsh'),(531,'rmarchello9m@nasa.gov','chKJXeSxKu'),(532,'zcurtin9n@devhub.com','rGn17TOlm'),(533,'chammond9o@tripod.com','z6P4PmwR'),(534,'bfranken9p@princeton.edu','xlkODP83Adp'),(535,'jnolton9q@paypal.com','T1CdBHc'),(536,'jjorissen9r@dedecms.com','dd77V2yqfxV'),(537,'ldaws9s@4shared.com','ud7cLtJ'),(538,'lgingedale9t@plala.or.jp','4ouQgn1k'),(539,'pmeineking9u@merriam-webster.com','vS8iPFBT'),(540,'awoolmore9v@taobao.com','Hz3PB2zHIX'),(541,'nsaward9w@booking.com','aWmVqrtwHHH'),(542,'cdrover9x@bandcamp.com','Lj4I7ammg9VV'),(543,'ffilipson9y@sakura.ne.jp','4J089hvK62HH'),(544,'mfeary9z@w3.org','6TizKgAO'),(545,'kmarcuma0@hc360.com','yJvOTo'),(546,'onarracotta1@yellowbook.com','pkOYTokXcf'),(547,'hwatkissa2@cafepress.com','kXY79SW0A'),(548,'wbudda3@about.me','YyhHOA'),(549,'dfouracrea4@gov.uk','7dOQlFjUi'),(550,'amewhirtera5@macromedia.com','xcoRmcFE9'),(551,'ncowlea6@chronoengine.com','jXiypZW'),(552,'gbushena7@businessinsider.com','KUfxuxDG'),(553,'jsowtena8@google.pl','UyVc3irFOh'),(554,'cleathea9@weibo.com','fHNJnc9qYC'),(555,'rdesaveryaa@dailymotion.com','8npJxjgIIB'),(556,'gwoodesonab@nationalgeographic.com','W2465v2S'),(557,'jshilburneac@prnewswire.com','WK0sztL1'),(558,'lseeksad@imdb.com','eNPFXizOB7y'),(559,'gbeachemae@deviantart.com','PFKIY8S3J'),(560,'onillesaf@networksolutions.com','xEIZm0HPcG'),(561,'apalerag@cafepress.com','uJUWXusud'),(562,'ajenkynah@trellian.com','OLSMj0HI'),(563,'fseawardai@soup.io','3wP19wfIWh39'),(564,'gdennertaj@ed.gov','UxK4kOLn4gw'),(565,'bmoncktonak@adobe.com','8bh1Re'),(566,'fbartoleynal@omniture.com','PHNOc5a2pZGZ'),(567,'rgerdtsam@t.co','V62MVT0om'),(568,'nblackdenan@spotify.com','VBxxW6R69iw'),(569,'chulmesao@shareasale.com','cVezONqzN'),(570,'idavidouap@google.ru','IHcCztl'),(571,'btomsuaq@mysql.com','znMznphhO7KQ'),(572,'tenriquear@symantec.com','77MBzV7wXty'),(573,'chattrickas@china.com.cn','Rz5IQmp'),(574,'lswinerdat@ocn.ne.jp','t83EpTiftR2m'),(575,'asherbourneau@pbs.org','4vYs3Fgay'),(576,'phunnaballav@sciencedirect.com','GMiFbaQ'),(577,'wploughwrightaw@t.co','FlCEZodw'),(578,'jkolisax@miitbeian.gov.cn','jh7tCu'),(579,'hbraceyay@booking.com','RgbBGp8B'),(580,'tpellattaz@oracle.com','W6ToM9lE'),(581,'lheinickeb0@360.cn','lboQYQp'),(582,'dphliponb1@merriam-webster.com','uWhwv3L'),(583,'fmcguffogb2@fotki.com','QVroN0jm'),(584,'cstollardb3@nationalgeographic.com','d880LyHIFGq'),(585,'mmeryettb4@dot.gov','C4NuZusZ'),(586,'dhulkesb5@wordpress.org','I8Trakb'),(587,'jmccumeskyb6@blinklist.com','CJslQsHG'),(588,'abeebeeb7@phpbb.com','b3zqtUTMu'),(589,'krubinshteinb8@europa.eu','MjvY48yMe'),(590,'jramsierb9@google.es','qiZi5Ie'),(591,'mcawcuttba@time.com','DdU1BpFUEaCB'),(592,'ksparwellbb@google.com.hk','G2lhWApDLNyk'),(593,'rsockellbc@w3.org','jt8x5eVARJ'),(594,'jtullotbd@miibeian.gov.cn','mOKKU87ELN'),(595,'gtreugebe@dyndns.org','Fa3mzeRm5wE'),(596,'llocockbf@nature.com','rzScS4jJ6Y'),(597,'dcobdenbg@tuttocitta.it','UFR6hNk'),(598,'rmanlowbh@oaic.gov.au','63TW0pqH'),(599,'cmillikenbi@plala.or.jp','1rimyRA'),(600,'ecockshttbj@msn.com','IDU6FmYoL4Da'),(601,'fczadlabk@elegantthemes.com','9X6Gf2A'),(602,'tleadleybl@eventbrite.com','Q9ReYL'),(603,'vdourinbm@nifty.com','uEGLXA1u3m'),(604,'rvickerstaffbn@wisc.edu','lG7RhpSFKTw'),(605,'ewaterfallbo@arizona.edu','8ehba4GBIR7R'),(606,'dmcdermottbp@imageshack.us','CfBpKTHxr'),(607,'kmcewenbq@aol.com','SnJOHWFt'),(608,'gtrymebr@whitehouse.gov','AYjMxCB7hthR'),(609,'lmadgewickbs@youtu.be','pT6ZmU'),(610,'tcolganbt@sphinn.com','O4SqUhY'),(611,'leyckelbu@usda.gov','f3zb6R'),(612,'mtotmanbv@yahoo.com','ouoPPC'),(613,'hocannonbw@uol.com.br','C5JqvM6'),(614,'htolmanbx@quantcast.com','BpLzZdW5G'),(615,'aiacominiby@irs.gov','QKDFpeIjgw4'),(616,'bvasyutichevbz@t-online.de','zOIQBVUAQFC'),(617,'agiorgionec0@yellowpages.com','PxNuIjpD'),(618,'bvargac1@unesco.org','kg4yyWO'),(619,'hleightonc2@printfriendly.com','DkzJUyM2X'),(620,'pebunoluwac3@nsw.gov.au','tX5amQI8'),(621,'osuermeiersc4@harvard.edu','o32DGn8A'),(622,'tscutchingsc5@reverbnation.com','SsVn7E5tY'),(623,'bnuzztic6@vimeo.com','LQdQIJW6OFWT'),(624,'msenecauxc7@theguardian.com','538ZQP'),(625,'bsharpusc8@people.com.cn','avQumHud2G6y'),(626,'sdinehartc9@4shared.com','g7i97eqbhV9K'),(627,'qfarrenca@nhs.uk','sRHoSDe5sc'),(628,'pmcfatercb@timesonline.co.uk','O2D7cTpzTcm'),(629,'aleportcc@mapquest.com','48UYrwtIA'),(630,'iferrerscd@bloglines.com','6S3AWSX'),(631,'boloughanece@hatena.ne.jp','tcubRpsfWy'),(632,'idemeridacf@apple.com','rLWvj4n'),(633,'fgerantcg@weibo.com','FpprBt6v'),(634,'whalmkinch@fda.gov','tPEARp31SC'),(635,'tdaccaci@cloudflare.com','wqFEAqqqH'),(636,'oearneycj@bandcamp.com','hnCs3Ms'),(637,'aperrottck@psu.edu','R9755OKB'),(638,'oantczakcl@uol.com.br','PIYpeuSs'),(639,'dgorglcm@storify.com','lHMdPR4YHc'),(640,'ftollertoncn@mail.ru','AnS3uxj'),(641,'alutwidgeco@patch.com','Uqds6bg'),(642,'kmaragacp@elegantthemes.com','Pjt7lRpxNWHA'),(643,'skespercq@kickstarter.com','J5jjNUL'),(644,'jgauchcr@apple.com','FhMdcJZK3'),(645,'wgrittencs@homestead.com','QqEKQ9t'),(646,'bcoppensct@alexa.com','BTaEf0'),(647,'gmcdonoghcu@google.ca','b8EAupMD'),(648,'ctrappecv@nbcnews.com','JvTrEB8t'),(649,'dmolescw@addthis.com','FUk2pkHp'),(650,'blinsteadcx@usnews.com','dAXufmK9'),(651,'kseggecy@prlog.org','KWO3mgu5zpp'),(652,'olequesnecz@japanpost.jp','7aYFeNnB'),(653,'mwalbyd0@accuweather.com','bkYCVKbnaB'),(654,'ctorricinad1@statcounter.com','JmX4ryDbbt9'),(655,'smenichinod2@ft.com','Iy0mWatpseku'),(656,'mlitsterd3@merriam-webster.com','OuBptP'),(657,'gfassetd4@youtube.com','01QqFaMF8'),(658,'sfilipd5@php.net','6JgrBF'),(659,'mcrackerd6@mashable.com','ZIKPUhC94'),(660,'mzylberdikd7@eventbrite.com','3ZD00V'),(661,'gstuddd8@dion.ne.jp','bR7M8w1'),(662,'vpothergilld9@tuttocitta.it','ZZ18Y6j8Q'),(663,'tsayesda@adobe.com','MDgZsf'),(664,'dhorburghdb@theatlantic.com','sjDsBbz'),(665,'imephandc@bandcamp.com','vH1Ty6TYbO'),(666,'fwestalldd@dyndns.org','1hZCpj7SJL'),(667,'lthurbornde@columbia.edu','65giReV'),(668,'rlittlewooddf@irs.gov','qzmRoD'),(669,'kmatchettdg@mysql.com','ibGotHcQge8'),(670,'lmaierdh@fc2.com','8ikrRFGLV1'),(671,'wtonnadi@friendfeed.com','qmboH3mRd5Oe'),(672,'ecessforddj@npr.org','BPrrTQ4X'),(673,'cstanelanddk@engadget.com','Ae4j4oXWE'),(674,'tnijsdl@goo.gl','zTQdd5'),(675,'tmoraledadm@fc2.com','S19L5eyPnXJ'),(676,'hkenneforddn@digg.com','PPDsB3X2'),(677,'aisacssondo@usa.gov','qauw0PzFix'),(678,'escotchmordp@state.gov','lr5K54'),(679,'akeslakedq@ning.com','FRDiYer'),(680,'bwoolstondr@springer.com','6MFwwC7RAG'),(681,'bmaffiads@nsw.gov.au','RyfODhiEQX'),(682,'mughidt@blog.com','XM7IHbNQi'),(683,'sboagdu@nasa.gov','ZsFTUVL'),(684,'gstitsondv@slashdot.org','id2dLKPxwt9v'),(685,'pgerrelsdw@wikispaces.com','5STngtTnRN'),(686,'lborresdx@businessinsider.com','ANeESIt'),(687,'cvuittetdy@scribd.com','V3QVxx8II6y'),(688,'amacaleesedz@ning.com','dvj9F3R'),(689,'dgierckee0@rambler.ru','75p7RTaKvbZS'),(690,'bbotwoode1@mlb.com','qoTBZL3p'),(691,'cbowrye2@fotki.com','UwlbWSoghS2'),(692,'mdrakarde3@hugedomains.com','Y13KeaHde'),(693,'jdiverse4@springer.com','j060hQT'),(694,'vreesee5@netscape.com','85fKauC9oL'),(695,'lthurlbye6@flickr.com','Udc38uj'),(696,'gwombwelle7@seesaa.net','YZJwaE4Ysrz'),(697,'fcastiglioe8@usatoday.com','9mUXKx7lRO'),(698,'rstonnelle9@addthis.com','Gy0m0gLaTq'),(699,'rduplockea@posterous.com','du7K4Phg'),(700,'achisletteb@smugmug.com','iVVVhFl52fyL'),(701,'fflohardec@cbsnews.com','adPqceSVIpQ'),(702,'rsuscensed@vistaprint.com','cv3tWaC455'),(703,'wlawdhamee@weibo.com','eeMRO1F3t'),(704,'dkeepef@shutterfly.com','s5dKipfjX2d'),(705,'bpokereg@yahoo.co.jp','dYzZMVHUGCyX'),(706,'lgoareeh@biblegateway.com','n08ioHAq'),(707,'cshemwellei@about.me','A3y9x55'),(708,'cneissenej@tinyurl.com','kCtB6NPV'),(709,'ggiovanittiek@vinaora.com','0NksG6'),(710,'tmagnayel@oracle.com','dStvIY2'),(711,'nwillimotem@gnu.org','4R5K84GDiVIW'),(712,'csalacken@yolasite.com','GgAs1fhLf'),(713,'gpolycoteeo@nps.gov','FTdrCC0sm'),(714,'smaryinep@java.com','0HnH2Pvt'),(715,'smorrisseq@xrea.com','EfjIo3z1hGKO'),(716,'fmengueer@g.co','5QsRFogl'),(717,'ashaddockes@1und1.de','eXanyBr3kVk7'),(718,'cwebbyet@hibu.com','JLWeG2MQ'),(719,'pternaulteu@sohu.com','oPWYIXclyp'),(720,'pbaytropev@scientificamerican.com','tEznvCS'),(721,'cgoodluckew@webnode.com','DF4hx9D1'),(722,'avickerstaffex@marketwatch.com','c5R4ogEgES'),(723,'ghillandey@tinypic.com','lniqCiRS'),(724,'iballstonez@ameblo.jp','wLUnfptx0y'),(725,'saistropf0@tamu.edu','kstGAFA8iC1'),(726,'nfronzekf1@digg.com','b710ioKm'),(727,'wdummiganf2@vk.com','ogV8zsyfbDaB'),(728,'meberzf3@livejournal.com','oePn6RrHYdgb'),(729,'phannigerf4@squarespace.com','Y8wpB2PdQZTo'),(730,'rblickf5@nps.gov','6jCRwho3L8'),(731,'adiehnf6@ameblo.jp','OsUkYLo'),(732,'iskipperf7@census.gov','PsTo0ULnfZJ'),(733,'bseemanf8@gnu.org','yijQ83q0'),(734,'mbeecraftf9@google.com.au','WR1Bt4V'),(735,'dsherbrookfa@google.com.br','i5hkKNlD95ar'),(736,'rgisbournfb@hp.com','7etcLb'),(737,'vwittyfc@booking.com','XXS9gnfi'),(738,'emolianfd@cyberchimps.com','4UZBb7NnF2pS'),(739,'ademezafe@scientificamerican.com','48Tj2FiDq5EJ'),(740,'jhendrenff@sciencedirect.com','VR03UFtbbHOa'),(741,'adrewellfg@chronoengine.com','lbYVJwqq'),(742,'vgumbrellfh@w3.org','IX8gxpkVk'),(743,'jscurmanfi@zdnet.com','SyX2fohB'),(744,'amathiasfj@friendfeed.com','x0px5tm'),(745,'kzmitrovichfk@ehow.com','13xTf3jsVgP'),(746,'oabadfl@japanpost.jp','GCL84cGh'),(747,'bdorgonfm@slideshare.net','5lIv4t1ay'),(748,'jarnizfn@ifeng.com','MLDWIqT0G'),(749,'gmahonyfo@blinklist.com','O2uc6o'),(750,'ewilkissonfp@fastcompany.com','XNtIThOnES'),(751,'gmcmennumfq@tiny.cc','6wHGn1le'),(752,'llewteyfr@bloglines.com','Lftuk8XuwTK'),(753,'scockettfs@aol.com','qmSgkJRESubg'),(754,'hmcguineyft@salon.com','jPePhMmLF20'),(755,'ogodlyfu@about.me','P9zqqUB'),(756,'thundalfv@narod.ru','SLYwBKae'),(757,'rderobertfw@jigsy.com','5nImYA09'),(758,'bhammonfx@bloglines.com','AlAm6Sd'),(759,'hfairbanksfy@mediafire.com','3wPTEVEyo2kl'),(760,'mdifrancecshifz@creativecommons.org','4sc3Du4'),(761,'avanhaultg0@sun.com','iRYfiI8iKiLo'),(762,'gdanilovicg1@ebay.com','HyHJ1x'),(763,'dbrickseyg2@wordpress.com','QswO1ENTf28'),(764,'nemelineg3@examiner.com','fODNQTghg1YB'),(765,'adielhenng4@typepad.com','vYTLp5'),(766,'hmcfaddeng5@vk.com','pX1zL8jwgh'),(767,'alanfranconig6@ebay.com','z0j1zl'),(768,'scotheyg7@com.com','MX85I5XV8z9'),(769,'ccaultong8@sbwire.com','fxIcA6y'),(770,'fparmenterg9@chronoengine.com','RmobR0eDZh'),(771,'cbarajaga@huffingtonpost.com','bO7gAomYE8HN'),(772,'apeakgb@issuu.com','besQzbUwO6H'),(773,'jfindergc@addtoany.com','PzZWcOfKi1GF'),(774,'sarangygd@elegantthemes.com','BBPj7FcjIet'),(775,'mkeaveneyge@cdc.gov','CgQTz4CFYRV'),(776,'lfrendgf@eepurl.com','p45uOs'),(777,'etuxwellgg@tinypic.com','LZmZFflDRy'),(778,'mminigogh@arstechnica.com','Q4PazV7omVx'),(779,'dlangtongi@upenn.edu','XdmusJ'),(780,'hgrevelgj@chron.com','Gm4WPd'),(781,'asparsholtgk@tinypic.com','6jt16d'),(782,'creadheadgl@dailymotion.com','P92iOo'),(783,'eringrosegm@chron.com','EZiRNyC'),(784,'lmordecaign@eventbrite.com','HS7fBBVnXr'),(785,'tshrievesgo@woothemes.com','3UUfegeFps3'),(786,'mmeinekengp@cbsnews.com','s0bI48Dq'),(787,'evondracekgq@yale.edu','6F6eu6dL1VA'),(788,'tthamsgr@networksolutions.com','9FD1Ip'),(789,'mmathetgs@digg.com','1d2MtUQ9rcm'),(790,'dphebeygt@squarespace.com','yX3mi5Bnn40'),(791,'tscottinigu@wired.com','1BssNjylljd'),(792,'cbibbiegv@google.ca','n4X19Hy0ntuM'),(793,'sjozsagw@webs.com','sz0VQxY2VJ'),(794,'ttirtegx@tinypic.com','YF3cwL6JXME'),(795,'godunneengy@redcross.org','o6TVvg'),(796,'sabrahamgz@github.com','R3BHqLHm'),(797,'lkuhneh0@eventbrite.com','Z8fSTjoVBy'),(798,'spotellh1@icq.com','2t7XPxiyx'),(799,'aberreh2@omniture.com','D2IVdAd8Itu'),(800,'mhanleyh3@shop-pro.jp','CBUs2F'),(801,'wcudbyh4@networksolutions.com','LY0IUbR'),(802,'lguslonh5@wikipedia.org','YFK7kXsvJ'),(803,'hswornh6@wired.com','9MXpp5'),(804,'tcawcutth7@flavors.me','ssQGbqnXnwWN'),(805,'dlunah8@pagesperso-orange.fr','cLcHZma5V'),(806,'dmarvelleyh9@nih.gov','Jldr7vM'),(807,'knormabellha@examiner.com','TFxvcNSJuIOv'),(808,'hgreenleafhb@accuweather.com','98ZSxo'),(809,'mloadwickhc@utexas.edu','Q7flrG5H'),(810,'mitzkovhd@ed.gov','CXyGEuj'),(811,'wcritchellhe@i2i.jp','crLvScu'),(812,'jmarflitthf@blogs.com','XCDoE7'),(813,'fpetrozzihg@buzzfeed.com','oseDcElKsZIx'),(814,'omcauliffehh@time.com','ayaGcmI5uBPG'),(815,'pbennallckhi@dedecms.com','VeOeUk'),(816,'trederhj@opera.com','Av32eKYj6X'),(817,'rshoutehk@macromedia.com','2JbT9G'),(818,'ccoleshl@prnewswire.com','TUHszBJ'),(819,'kkollaschekhm@prweb.com','evAQMPjuGR'),(820,'mpetrellohn@mail.ru','0GTWWjff'),(821,'rreardenho@auda.org.au','1IMvpxbMLIe'),(822,'ngovehp@dailymail.co.uk','vYQoXc'),(823,'aspinkshq@usatoday.com','X6gh6Iw'),(824,'fotoweyhr@gnu.org','18TbI0Z0'),(825,'obumfreyhs@noaa.gov','zEqOFdr2mcfd'),(826,'bcreberht@ft.com','dEdoA3t'),(827,'manneyhu@sfgate.com','4YqpkQw49E'),(828,'jjeyneshv@umich.edu','IFFcbOExczB'),(829,'mkirklandhw@so-net.ne.jp','2IUzGXg40'),(830,'kcockehx@google.fr','4Pzxz0Y5'),(831,'rcowherdhy@mapy.cz','ei8aO1VpSN'),(832,'kjurnhz@marketwatch.com','rvFDco'),(833,'apossei0@discovery.com','nzpWRHQRxJ'),(834,'sdenisckei1@cbsnews.com','v7EVPx'),(835,'sshayleri2@w3.org','XhnMk02XdFo'),(836,'rmatschuki3@addthis.com','utHj8C'),(837,'crudledgei4@jigsy.com','LxsGzq2q187'),(838,'eshingfieldi5@t-online.de','4cwiDcopz6Cg'),(839,'mlympeniei6@amazon.co.jp','DlmL4Mp'),(840,'mdellcasai7@discovery.com','qXCJlB5p'),(841,'aweatherhilli8@usgs.gov','rmUEg63biRuU'),(842,'lquinnelli9@dell.com','Nb5Oru7CwyI'),(843,'rfarrensia@xrea.com','mjvCbbsFB6'),(844,'efitzpaynib@cafepress.com','AS1XwNlNb'),(845,'mlapennaic@t-online.de','z0gTC2'),(846,'lduckhouseid@naver.com','u4e3GK1xef0'),(847,'mmccombeie@sun.com','qFWppWd76r'),(848,'lwolfendenif@rediff.com','DXyH38slO'),(849,'lliverockig@parallels.com','qxTer1'),(850,'uaberkirderih@wisc.edu','GZeaHva'),(851,'rjeaneauii@goo.gl','6zEMgeGR7V'),(852,'mpitoneij@thetimes.co.uk','h8nzps1zLwh'),(853,'bhulseik@friendfeed.com','dvd7vvd9'),(854,'eledgewayil@ebay.com','A4BTG3'),(855,'kstreetenim@yale.edu','6xBXLwCwt'),(856,'lobrianin@de.vu','xX7p9h'),(857,'tjosowitzio@opera.com','95QoL3lxjk1'),(858,'atarpeyip@senate.gov','QQLFEsN33'),(859,'kdibbsiq@guardian.co.uk','17abmZQcMaK'),(860,'stonkinir@prnewswire.com','Tejq57i'),(861,'bwestphalis@imgur.com','edSbUgy'),(862,'oelceit@skype.com','hhCbKHtnbRe'),(863,'hbriddockiu@moonfruit.com','TPCJQeqHZ'),(864,'tbreslauiv@de.vu','BXIqx0'),(865,'obeaushawiw@economist.com','uJGn3Oj'),(866,'agilardoneix@fema.gov','xUDOlHbRksC'),(867,'dbamblettiy@clickbank.net','zmWWy7EO1y'),(868,'ajellicoiz@t.co','lVKu9i1'),(869,'bmcgarrahanj0@ocn.ne.jp','0ZqWFN'),(870,'ahumj1@japanpost.jp','3jYTwM3bkqW'),(871,'sbeardj2@forbes.com','stkBFeW'),(872,'nfesbyj3@blog.com','HDhdfk'),(873,'ablivenj4@earthlink.net','H9xFDkbF'),(874,'crossettij5@paginegialle.it','IbGmdM63k4'),(875,'bgallandersj6@stanford.edu','iA00Bz'),(876,'kwoodagej7@vinaora.com','kcPBgqiOg7G'),(877,'econradsenj8@wikimedia.org','Xtr4wMt0Ioze'),(878,'mtapsellj9@businesswire.com','pYl3GIy5YuW6'),(879,'wlymbourneja@mail.ru','D4kMwFt'),(880,'ccorbettjb@smh.com.au','xcSmsT4Iqh'),(881,'ehawfordjc@t.co','BZNBJgwnd3'),(882,'jeliassonjd@usnews.com','QZBGzDG'),(883,'lpottsje@ucsd.edu','POIAtMwfiW'),(884,'rvenessjf@time.com','n4q43nTTLNDL'),(885,'emanketelljg@cbslocal.com','gZ9C1R'),(886,'egentnerjh@nyu.edu','Sa9jGvtjo'),(887,'ecomerji@zimbio.com','2Yf05ndIHlKF'),(888,'ismoutjj@opera.com','bNwpxlN28'),(889,'wcoadejk@arstechnica.com','FGFD72UnF'),(890,'bsangsterjl@delicious.com','HlvceUc3YPn'),(891,'hkilcoynejm@ed.gov','no1QTgJC7fc4'),(892,'vlitherlandjn@accuweather.com','u99GJQ8'),(893,'esorensenjo@topsy.com','z9allQjzw'),(894,'bbibbiejp@phpbb.com','CBWdq0XZnD'),(895,'bbredburyjq@techcrunch.com','q6LPOHyRf'),(896,'kcroxalljr@rambler.ru','0jOcGhu'),(897,'godhamsjs@ameblo.jp','sZxHM4LXq6'),(898,'vnicklinsonjt@amazon.com','QeYzWKB0AHau'),(899,'jgreendaleju@about.com','49uJYQGOUUDj'),(900,'afogdenjv@businesswire.com','V5ccEVBNQ'),(901,'mpendergastjw@photobucket.com','6MD2zAHophvq'),(902,'cninnisjx@altervista.org','IZolEPDyAk4y'),(903,'kcrowleyjy@bravesites.com','7sPAe0OUx6Ri'),(904,'ngillanijz@networksolutions.com','bGoA8mzTqS'),(905,'bdiklesk0@jimdo.com','hWBf6vj30Tu'),(906,'ethorneleyk1@tripod.com','0dVqoYtGqlz'),(907,'dbernlik2@omniture.com','cb57eEn'),(908,'sbillk3@reverbnation.com','Sxr1rwZD33v'),(909,'mkoopmank4@statcounter.com','lbUfUEDN1lU'),(910,'cpuntonk5@sogou.com','cUdrqmBBQJ'),(911,'gclemmensk6@opensource.org','Jlc8Omz6'),(912,'cbeebisk7@godaddy.com','hwzBFsc6MJ'),(913,'epockettk8@newyorker.com','f4dpp4IA8I0'),(914,'grylattk9@domainmarket.com','IbX1NMcGR'),(915,'blatuska@hatena.ne.jp','iXIfiz9Ic'),(916,'dwoodwindkb@51.la','RgJQYf'),(917,'khallinkc@sakura.ne.jp','qZn8re'),(918,'hparrisskd@opensource.org','hW0ThQRSh'),(919,'ltilstonke@reference.com','buVOdR'),(920,'mwinterbothamkf@bloglovin.com','EXBLF5Yy'),(921,'alehrkg@mediafire.com','2goDAjafOFDt'),(922,'feidlerkh@skyrock.com','oYAVuBYRGtqL'),(923,'bnovotneki@macromedia.com','owgbMrBWhu'),(924,'mnolderkj@list-manage.com','OVjDCDd4'),(925,'jgreetlandkk@unc.edu','xkiUNzoq'),(926,'ejosovichkl@ted.com','lGBBWbYpH'),(927,'tfearykm@umn.edu','0F63bI2FV'),(928,'atippettskn@biblegateway.com','Icv2SXfb6O'),(929,'bfoundko@zimbio.com','9EyES1l1'),(930,'bregankp@163.com','yLwjFbs'),(931,'eespinazokq@icio.us','NdqIJxAQ1w'),(932,'orallskr@ucsd.edu','yKxQjI'),(933,'hharlowks@utexas.edu','OD2hFUwo4Y'),(934,'mplankkt@tuttocitta.it','5B8liTZ'),(935,'mbiaggioliku@mozilla.com','JVNT7OhCi'),(936,'lorreykv@bing.com','FRRok7oJCDQ'),(937,'llayburnkw@joomla.org','To8QlQDNbQ'),(938,'cmorrowekx@tamu.edu','v30oW46'),(939,'jthornborrowky@addtoany.com','h4pAJFa'),(940,'mcarlesskz@xinhuanet.com','UTx7Jw'),(941,'ecorbittl0@state.gov','0KcBHbtv'),(942,'swhitehurstl1@ihg.com','mIDfZqtXD8'),(943,'abreel2@tamu.edu','pHe69n'),(944,'baultl3@jalbum.net','Cgci3OFP7'),(945,'krubartellil4@gmpg.org','TBoV2r0'),(946,'slethbyl5@sphinn.com','KaIwpykyjX'),(947,'frakesl6@mayoclinic.com','I3l6n0c'),(948,'vhoftonl7@forbes.com','LALYX8chDn'),(949,'ahackeltonl8@redcross.org','2Oq5cn9HIt'),(950,'wjoseyl9@mlb.com','C4qkTYkn'),(951,'ngillbeyla@freewebs.com','TzvcyLJtqBY'),(952,'bnodenlb@pcworld.com','QcrJKW'),(953,'rblanchflowerlc@altervista.org','hSxmHfBovJuc'),(954,'emilnthorpeld@admin.ch','U83Z4C'),(955,'pcalleryle@storify.com','HYC0VF'),(956,'csouthanlf@ebay.com','fWF7S9eGZv2'),(957,'cbaswalllg@simplemachines.org','Ac1auhj'),(958,'jyouteadlh@sourceforge.net','JpGMRSt'),(959,'randrinili@auda.org.au','ioxQm107'),(960,'cbadamlj@rediff.com','saKvzYCXeDE7'),(961,'okidwelllk@booking.com','ThnlzkI'),(962,'kcorballisll@dell.com','7r31lR'),(963,'rbowcherlm@springer.com','DccRUSbG'),(964,'kbrafertonln@prnewswire.com','IJJ91QIUl'),(965,'csowtelo@howstuffworks.com','bQm5NFIpp2V'),(966,'bcowernlp@buzzfeed.com','ZlLEsSX'),(967,'ilightowlerslq@google.es','eTxgIS3b'),(968,'fcleavelr@fc2.com','9vY0bL'),(969,'cmcgovernls@woothemes.com','BvsQhStMwhh'),(970,'zlentlt@army.mil','3fwHRFUDnB'),(971,'squestierlu@miibeian.gov.cn','xDLLZvBZi'),(972,'cquenbylv@4shared.com','bgPNQcuibzeH'),(973,'mdancelw@omniture.com','bs3TYc8b0DGP'),(974,'marmigerlx@harvard.edu','0vmThsRjdGBT'),(975,'rlawrensonly@mit.edu','MqfLFI'),(976,'espriggslz@ft.com','0E6QdV'),(977,'tgallemorem0@google.com.au','zquJkypPSd'),(978,'ejurism1@adobe.com','tybWocLAr2vL'),(979,'alecointem2@stanford.edu','HuTT03AS'),(980,'sopferm3@php.net','K9M6MdX1JlMD'),(981,'alowtherm4@mlb.com','rrsa3gb9Rzc'),(982,'bvanbrughm5@devhub.com','Zz5wWgTutU'),(983,'ohedgem6@multiply.com','cuBq4potQVxP'),(984,'acarslakem7@boston.com','vrHpv6alUsR'),(985,'dmacmickanm8@who.int','BM7dm4'),(986,'mhillamm9@instagram.com','3oIwn4I4iXI'),(987,'epedrozzima@hibu.com','zWqa3fO'),(988,'gsibbsmb@mlb.com','joKh0QXluUb'),(989,'vplommc@nyu.edu','kqbMWxi20'),(990,'adanielimd@skype.com','toZHfmxmVT'),(991,'mgiovannillime@cnn.com','zxKBBacMq4P'),(992,'mcruddasmf@samsung.com','DwUKKN5'),(993,'askarinmg@hud.gov','1dkAQVhtIas'),(994,'abelchampmh@patch.com','nS3d3FIs6pyH'),(995,'hfishbournemi@hibu.com','qULMkTK3UkO'),(996,'mricardmj@wix.com','LMtmJR5KED'),(997,'mdecarlomk@wunderground.com','fEcP9rn1'),(998,'mmatteottiml@examiner.com','5j9t1J'),(999,'balenichicovmm@washingtonpost.com','4z8DAXdQMJFS'),(1000,'swicksteadmn@pagesperso-orange.fr','XYgF71'),(1001,'vdevereumo@unc.edu','zKgrYw0'),(1002,'adimsdalemp@last.fm','47WS9Ghxa3WJ'),(1003,'bspurdensmq@oakley.com','r6QreRRjP4'),(1004,'mglanertmr@japanpost.jp','QRMpQhP8XiEF'),(1005,'rsearchwellms@dell.com','lRFysUCqUy'),(1006,'bcolesmt@de.vu','HlzUCEqFgP'),(1007,'abrewittmu@fotki.com','dQKBV0UQ7dV'),(1008,'hstuckeymv@pen.io','3tTtoHEwMn'),(1009,'dgiriardellimw@liveinternet.ru','eXscb5'),(1010,'smolenmx@java.com','Lgfohyzawt'),(1011,'kswyremy@techcrunch.com','otYy4e6Wb9H'),(1012,'fbutemz@flavors.me','ueXXPs'),(1013,'mlabounen0@ted.com','In3XTf'),(1014,'adaftn1@over-blog.com','JzTQ91x'),(1015,'abrittiann2@alibaba.com','B9NXCxV15'),(1016,'eminshalln3@blogspot.com','xMNaa7ebmZMg'),(1017,'gbrellinn4@example.com','Tblda0UQ2'),(1018,'lbenckn5@nytimes.com','nMKzj7USHx'),(1019,'gbreamn6@wordpress.com','aDfoN1lZ68Rb'),(1020,'bbartosinskin7@boston.com','LtiQY1F7OndL'),(1021,'chuddyn8@mediafire.com','Yda2TGIogB'),(1022,'rleverichn9@bing.com','T8dAvgt'),(1023,'bmawsonna@webeden.co.uk','bsjHHoV9vZk'),(1024,'bharwellnb@disqus.com','kL2Vhh8k0U'),(1025,'rsherrettnc@webs.com','TMunRKeIT3Y'),(1026,'owestcottnd@a8.net','E0eaGEy36z1'),(1027,'gnaulne@google.cn','yqgItq'),(1028,'lbocknf@cbsnews.com','kJgvkVcdXsC'),(1029,'stinklinng@samsung.com','tXXoq8lXxI'),(1030,'pverninh@usatoday.com','7VfcoJJ1DS'),(1031,'sceyssenni@telegraph.co.uk','iE7uKE0sA'),(1032,'fmiddisnj@elegantthemes.com','Qcq8NO1j'),(1033,'epasfieldnk@dyndns.org','GyM4eQoYUt4a'),(1034,'lchavrinnl@symantec.com','6TaeUpZiM3jr'),(1035,'jsherrinnm@toplist.cz','kqI9UPf'),(1036,'hberannn@php.net','30eH0Pa6n4'),(1037,'jshaylerno@blinklist.com','5PLEJ1U'),(1038,'kokinp@youku.com','rPNQKf'),(1039,'kbrazernq@bigcartel.com','Wa9x1q7jHMM'),(1040,'dgraylandnr@skype.com','KGBggDVNY'),(1041,'tshasnanns@economist.com','qsXZXwd'),(1042,'bhowerdnt@amazon.co.uk','LFcSUXlmBAC'),(1043,'lfrearnu@globo.com','TPbMb2E'),(1044,'npidgeleynv@marketwatch.com','ywEEIJG7'),(1045,'kmaudsonnw@freewebs.com','r2CIAIpYYe'),(1046,'wladelnx@dagondesign.com','0uoaBgwxb8U'),(1047,'lbarrsny@jigsy.com','8buIphlW'),(1048,'jshrevenz@odnoklassniki.ru','l7NGlgGG'),(1049,'aringsello0@va.gov','P44m5V'),(1050,'ftunnowo1@usgs.gov','2HKmKtgXM8W'),(1051,'cjosto2@nationalgeographic.com','u1Yc7IMQbLm'),(1052,'etimmso3@jalbum.net','FkWllUXxNq'),(1053,'rwishamo4@is.gd','Z4tOAVw0eAC'),(1054,'sodcrofto5@wp.com','zpEb6UGQ6v'),(1055,'cmcarto6@barnesandnoble.com','FbCv4GWpi'),(1056,'pjirickao7@ted.com','daZjRAEa'),(1057,'akoscheko8@typepad.com','IUPT3QbjswgA'),(1058,'ookierano9@wikimedia.org','N7L1WFVbxDDJ'),(1059,'hdurwardoa@businessinsider.com','wsXMQZQg8J'),(1060,'ccarayolob@baidu.com','EVGGr18jx'),(1061,'neliasoc@rakuten.co.jp','EW6fCXUX0V'),(1062,'imacnishod@cnn.com','roaVjv4Ww'),(1063,'sjoostoe@chronoengine.com','Mc92Bqqc'),(1064,'ktidridgeof@delicious.com','LWbbeQTetaM1'),(1065,'glindeboomog@kickstarter.com','2oCHfF1Ckbv'),(1066,'vbisgroveoh@phpbb.com','XbBZYp'),(1067,'handrzejakoi@multiply.com','KoAWJwYsP'),(1068,'kingeroj@hhs.gov','krJ76NEDn'),(1069,'jfavellok@cnet.com','EnP4bd0YsyH'),(1070,'troparsol@narod.ru','DtRrjTz'),(1071,'dpotzoldom@i2i.jp','kqHo0Nf'),(1072,'kstapletonon@statcounter.com','4xa0pFTjZ'),(1073,'asparwayoo@japanpost.jp','HYUphtj'),(1074,'bmintoop@biblegateway.com','4YBCMyRbh9O'),(1075,'bgotcliffeoq@smh.com.au','tMPKD6B4X'),(1076,'rdannor@youku.com','FETqGSDsC7'),(1077,'jgofforthos@amazon.co.uk','GQoSepRBd'),(1078,'dsemarkot@quantcast.com','21qWzoUf6'),(1079,'skeslakeou@huffingtonpost.com','1vJR08H'),(1080,'adufourov@nyu.edu','vFzpWe'),(1081,'bgodballow@naver.com','HCCleoRCK'),(1082,'jlantuffox@github.io','qsBK22'),(1083,'wsammeoy@admin.ch','CtO4wa'),(1084,'aberreclothoz@cafepress.com','6g7H3NA7Z'),(1085,'nwildenp0@github.io','IJjDTBk'),(1086,'epoleykettp1@hatena.ne.jp','jVampK'),(1087,'rfruchterp2@nyu.edu','B49bxr'),(1088,'mshillanp3@amazonaws.com','SSmOMbp'),(1089,'jpickthornp4@ucsd.edu','tBCb66Zr'),(1090,'ecampsallp5@themeforest.net','b9KyMoM'),(1091,'dtolwoodp6@fc2.com','0f3wis'),(1092,'sharryp7@gravatar.com','SuQTARkn'),(1093,'bwinkworthp8@cocolog-nifty.com','7e70mz9i'),(1094,'rjakubovitchp9@over-blog.com','6A5FZz5Ge1'),(1095,'hcullinanpa@skyrock.com','QYEsUzw62'),(1096,'aoldfieldcherrypb@skype.com','F5RwFbg'),(1097,'mganingpc@ihg.com','0YkqeQ'),(1098,'ncarlinopd@accuweather.com','ofo9uenE'),(1099,'fdanielype@example.com','ypcw5P0knBL'),(1100,'tspurrierpf@jimdo.com','HZspghqz1'),(1101,'dbillboroughpg@redcross.org','ltJmUmS'),(1102,'rthompkinsph@photobucket.com','NkHaFVeU5s'),(1103,'ctantpi@quantcast.com','GGUy3a'),(1104,'aferridaypj@toplist.cz','9AxNFsk2mvNG'),(1105,'ojosowitzpk@nytimes.com','UDUuSwS'),(1106,'mkitcattpl@mashable.com','0udRepmPcY'),(1107,'gropartzpm@tamu.edu','KEgnle3EK'),(1108,'hrivelonpn@forbes.com','wfAU9SS'),(1109,'asavegepo@tamu.edu','Mb5EVhRpkbR'),(1110,'varmallpp@netscape.com','aGcUoAEFN'),(1111,'cpencottpq@surveymonkey.com','ut3qQHCM'),(1112,'ploomispr@springer.com','s3Rjszry'),(1113,'mdecopemanps@canalblog.com','UAyLUQBdN'),(1114,'tmeekpt@alexa.com','c8RR5RO53'),(1115,'arapepu@addtoany.com','rmw8cNdL'),(1116,'fstablerpv@e-recht24.de','B4OR9t6W'),(1117,'hhowgatepw@chronoengine.com','ovqGlo6owXTV'),(1118,'lkitcatpx@sitemeter.com','CjhMmf'),(1119,'amacrowpy@dailymotion.com','xTOjBnN2dd0'),(1120,'ascammellpz@drupal.org','yXKjI3mr'),(1121,'rboomeq0@arstechnica.com','ZD9eHsR2oE'),(1122,'icloughtonq1@joomla.org','A3Kz7wDgvlE'),(1123,'lbrumenq2@house.gov','tuQ83VmNYnwy'),(1124,'tmorrantq3@sbwire.com','ePNL8p6'),(1125,'arichlyq4@alexa.com','EsMVPQemP'),(1126,'kglamartq5@java.com','mIFY3NktKyGV'),(1127,'lkynanq6@webnode.com','ty56hYLmGCxI'),(1128,'xkennerknechtq7@yale.edu','0wMDTn'),(1129,'ryesipovq8@berkeley.edu','KR2OszuLqp'),(1130,'jgooderhamq9@issuu.com','ndqBGd7qZIY'),(1131,'ymarqueseqa@blogs.com','WtKUceGZC'),(1132,'cclarksonqb@mozilla.org','Ej6LsnxiO'),(1133,'pgibbinqc@washingtonpost.com','Sm05wx4he4'),(1134,'bphillippqd@behance.net','86OaoaFGcx'),(1135,'tsweedyqe@diigo.com','mow4LmqamJ7'),(1136,'fpavlovqf@utexas.edu','PWxqONJ'),(1137,'vmesnardqg@mozilla.com','jvBXJMzwAP'),(1138,'lcasierqh@cafepress.com','PAEbRJ'),(1139,'ffloodqi@sbwire.com','4cNJ5p'),(1140,'jcrookqj@stumbleupon.com','pUQwu9'),(1141,'khurrenqk@state.tx.us','93Fp3SBByZ'),(1142,'bgriffitheql@prweb.com','gVqvz6'),(1143,'iludlamqm@vkontakte.ru','XziZwF'),(1144,'rjendrachqn@comcast.net','Cxy2lWiclEH'),(1145,'lsalernoqo@phoca.cz','pjGNzIEhp'),(1146,'rthomsqp@merriam-webster.com','MDm1SvKFLu'),(1147,'bmartinhoqq@acquirethisname.com','tPnJzIs'),(1148,'bpeltzerqr@dropbox.com','FFuZZbvZ28d'),(1149,'adiluciaqs@europa.eu','CDhVRLQEi'),(1150,'bbrainsbyqt@sourceforge.net','p8kyRwUX'),(1151,'jwetherheadqu@gmpg.org','9NzWZDKXy'),(1152,'cfackrellqv@seattletimes.com','zbFvzCBF'),(1153,'aklosgesqw@posterous.com','yGIYlc'),(1154,'ljosephiqx@mit.edu','q8ygGNf'),(1155,'hstonnerqy@smugmug.com','pUZwDIf2'),(1156,'phaworthqz@sitemeter.com','3wBPi2h'),(1157,'jjindrichr0@ustream.tv','n14LnGjF3'),(1158,'llourensr1@senate.gov','K33ewkBAUG'),(1159,'gwilkinr2@cbsnews.com','NUCBsIk'),(1160,'rfideler3@php.net','k7PF8Z'),(1161,'elimmingr4@studiopress.com','5EqaPuTo'),(1162,'fcowansr5@mit.edu','QKND8D7H6MXU'),(1163,'gfaradayr6@cnet.com','oM1xsU'),(1164,'rmuslar7@nationalgeographic.com','iCOpTe'),(1165,'smaccardr8@unicef.org','f14FkZfZX2'),(1166,'rboeckr9@cisco.com','y5vQ6fMObeA6'),(1167,'jjerochra@prweb.com','tyyAAVQx'),(1168,'dtregidgarb@unc.edu','YDTw5laOGBYv'),(1169,'shaddingtonrc@dmoz.org','KWaN113uft'),(1170,'jpleavinrd@godaddy.com','FWftHEVgYkI'),(1171,'ccammockere@cam.ac.uk','jUYIVq'),(1172,'cgullyrf@topsy.com','ado2iy4G4I'),(1173,'jsaylerg@umn.edu','HO4M5nf'),(1174,'wtraserh@gmpg.org','NqiPER1r'),(1175,'lsaurari@about.me','anhElFX0zGR'),(1176,'rjanssonrj@stanford.edu','8y9Z6FDpy'),(1177,'prohfsenrk@oracle.com','ML1WY33'),(1178,'twollacottrl@si.edu','hUrPg4v4WnR'),(1179,'lwarsoprm@youtu.be','lyKqOYhR3'),(1180,'cfarrearsrn@example.com','o1zA2wKIMVFT'),(1181,'ydevoyro@shop-pro.jp','kDFwedLWGhH'),(1182,'dellisonrp@gov.uk','famg4U1'),(1183,'darnauducrq@flickr.com','FJyQl8sl'),(1184,'delwellrr@arstechnica.com','fNPH1tInspB'),(1185,'nbursnall0@prnewswire.com','KBIToVeDllKB'),(1186,'hadamkiewicz1@delicious.com','FDyFuVnG'),(1187,'maim2@npr.org','XFOIkjs4eEy'),(1188,'kjewell3@imdb.com','ujcABQuV'),(1189,'ekenneford4@naver.com','nwF874'),(1190,'swasselin5@theguardian.com','beY6jQur'),(1191,'tackeroyd6@sciencedirect.com','SQJwKQhyi'),(1192,'pchatten7@indiatimes.com','ZBbzamxSOmK9'),(1193,'hthompstone8@thetimes.co.uk','p85y3D'),(1194,'gdoxey9@canalblog.com','GSZRW99'),(1195,'ckeelera@plala.or.jp','ZB85JIBq'),(1196,'bpaalb@globo.com','HCDmCvu'),(1197,'obrazierc@google.pl','TO5nCAgqZ'),(1198,'jperrygod@tripadvisor.com','KyesNq'),(1199,'nmcgurke@amazon.co.jp','tUA2YQPu10h'),(1200,'dsturrorf@quantcast.com','696QL7'),(1201,'jespinog@tinypic.com','m3pTTWgIw'),(1202,'zraddenburyh@goodreads.com','5giUyw8'),(1203,'mambrosei@slideshare.net','8GLpH7e'),(1204,'bpomphreyj@wisc.edu','13ejcDAsx'),(1205,'hweldrickk@tumblr.com','ySnMzSWsJRD2'),(1206,'wthwaitel@cbc.ca','ErPON5yzz'),(1207,'dellerbym@apache.org','aHRZUg3c5W'),(1208,'rscinellin@qq.com','DUbbMi38z2'),(1209,'lakramo@scribd.com','1Aat81c'),(1210,'dmeneuxp@scientificamerican.com','8AhOBWorz'),(1211,'hcheakeq@simplemachines.org','WOL2mKr'),(1212,'dkittler@twitpic.com','J82qrBevQIf8'),(1213,'jplayers@digg.com','mEPYN4oAeV'),(1214,'egryglewskit@omniture.com','C7XDoR8N'),(1215,'vtwiddellu@bloglines.com','BdMmjHs'),(1216,'ccrowterv@mail.ru','HYGXa4Q'),(1217,'tcolenuttw@oakley.com','tNThNK'),(1218,'escimonix@wikimedia.org','GG1jlqyh'),(1219,'zgazey@nbcnews.com','2XKZGCOxN'),(1220,'apaulaz@marketwatch.com','Y5Qnwp'),(1221,'bmckennan10@elegantthemes.com','D1gf0EdZlnZW'),(1222,'mhoffner11@xrea.com','rJyZtGipQobB'),(1223,'sshowalter12@twitpic.com','6H5Atr0sBER'),(1224,'griggs13@bravesites.com','XH3dZJa'),(1225,'rpahler14@cam.ac.uk','BFcr8Mt'),(1226,'bknowling15@nih.gov','Zkl37SLgE'),(1227,'ddarlow16@sitemeter.com','oaYXDLiIa24'),(1228,'ndebold17@samsung.com','0HGuqZDkqm2'),(1229,'dcantle18@bbb.org','CFHhZ2sKZ2bO'),(1230,'rferrea19@virginia.edu','i5iYFPPfwX'),(1231,'sround1a@networksolutions.com','VmduGr'),(1232,'jmedlin1b@abc.net.au','CtVN03gQD4BM'),(1233,'aluckwell1c@freewebs.com','cs8bQkNWPhVr'),(1234,'pcasino1d@symantec.com','fM8zRGy3Gi'),(1235,'bostick1e@yahoo.com','TZhtuzO'),(1236,'lsmelley1f@gravatar.com','IJEYd2Nk'),(1237,'agumey1g@hubpages.com','I8QBQL9CmKe'),(1238,'mgrover1h@ezinearticles.com','pg16OeIV'),(1239,'csjostrom1i@yellowbook.com','ctU5ExDfLQ'),(1240,'jmate1j@army.mil','SOsvU6wT'),(1241,'gferro1k@yellowpages.com','BlGDp4CP'),(1242,'rbassick1l@unc.edu','LJ4s4c'),(1243,'wizak1m@linkedin.com','3crGXRc'),(1244,'belford1n@illinois.edu','tKI7VgmX'),(1245,'bturfs1o@skyrock.com','Faq0dslT'),(1246,'kbartosiak1p@mit.edu','CaQtmhD'),(1247,'pastbury1q@nature.com','XMhspTK'),(1248,'astickells1r@bigcartel.com','BXXevzBRut'),(1249,'tahmad1s@phoca.cz','A7xZkXh22VZq'),(1250,'lboyde1t@indiatimes.com','siZSZ9f5VE4'),(1251,'satyea1u@amazon.co.jp','GZws1uyc'),(1252,'aonions1v@odnoklassniki.ru','VFcmJ2idif'),(1253,'hmackettrick1w@upenn.edu','gQnYqQOpC'),(1254,'vhellwing1x@hubpages.com','WMR2WWEbHa'),(1255,'bdrewes1y@ehow.com','gjvNQaT3'),(1256,'aciciura1z@yahoo.co.jp','P4x1vSS1CuMy'),(1257,'dteulier20@seattletimes.com','3piolUcjooH'),(1258,'ckuscha21@cdbaby.com','CrCSmZLeVA'),(1259,'bdanton22@cam.ac.uk','p9Oh51A0w43H'),(1260,'sblowne23@ucoz.ru','ziCXusnpsY8'),(1261,'rmeeson24@odnoklassniki.ru','1GRD8nt'),(1262,'rdives25@webmd.com','bFbJqnwpaQ'),(1263,'estandage26@illinois.edu','vHl0oQ'),(1264,'dpasticznyk27@jugem.jp','cropnPucGo5'),(1265,'fspearing28@cbslocal.com','5bZs2i3'),(1266,'cseaking29@sun.com','tJqXzuZCJ'),(1267,'cfitzsimons2a@360.cn','Gp0MsI'),(1268,'skless2b@ftc.gov','NsAL0G'),(1269,'htomblin2c@ibm.com','pccFKed'),(1270,'gdriffe2d@home.pl','Z7Piw1'),(1271,'acoronas2e@nature.com','yYTmJpGz'),(1272,'cvasser2f@irs.gov','e7ksfnsV1'),(1273,'uprestland2g@php.net','AiPmvFn2VyFP'),(1274,'gduddell2h@washington.edu','ThMnedReh6'),(1275,'zrutherforth2i@merriam-webster.com','V7sGq6Ez'),(1276,'lduffan2j@indiatimes.com','YZqF2NYZT'),(1277,'cvarvell2k@examiner.com','v4eqScB'),(1278,'yetherington2l@reddit.com','AQWpjbvHLq'),(1279,'sgillibrand2m@desdev.cn','23yssMzmD'),(1280,'lnaris2n@qq.com','S0VLLpKIag'),(1281,'sdenial2o@china.com.cn','3usuBqh1ga'),(1282,'lspittal2p@discovery.com','2NB9Dhd'),(1283,'iwolffers2q@cloudflare.com','n0iLSko'),(1284,'tgilchrist2r@ftc.gov','fpVVdKeC'),(1285,'tsanter2s@nifty.com','6lR2xLqpAG'),(1286,'kgaggen2t@de.vu','jU4n56'),(1287,'rlorrie2u@google.pl','MFIfzP5S'),(1288,'rlathee2v@blogspot.com','xREfwZpy'),(1289,'aeliez2w@webeden.co.uk','29Y1xfov'),(1290,'hbeswell2x@wordpress.org','6vBI5TwJ'),(1291,'khowis2y@cbsnews.com','qPyN0CH'),(1292,'mlamshead2z@boston.com','vyi8FyN'),(1293,'lwastling30@com.com','8uGDkduULJ'),(1294,'eramm31@bigcartel.com','NUnV9Y'),(1295,'jsent32@opera.com','b1NFjAVnHHDM'),(1296,'mheugle33@wikimedia.org','mZOKF9P07'),(1297,'mbaudinet34@github.io','LkhH3dz7hW'),(1298,'bpermain35@g.co','odCEM4'),(1299,'pbrosius36@indiegogo.com','hw1wtsQ9'),(1300,'hgirodin37@delicious.com','uCCNwPja1PhL'),(1301,'wpaulton38@ted.com','iVT9s4qyL'),(1302,'cnisen39@nature.com','tN5vcIQuawg'),(1303,'beliyahu3a@dedecms.com','dvSKcmD0N8'),(1304,'sastbury3b@hatena.ne.jp','JsFFImFzu5Xp'),(1305,'mgaisford3c@auda.org.au','H8HzW2D8'),(1306,'chumpatch3d@hostgator.com','PUZl39w1'),(1307,'rdallyn3e@webs.com','yZPFebgE3x'),(1308,'cmillery3f@slideshare.net','OO0ljfp83M'),(1309,'lcarnihan3g@4shared.com','hFcJXHw'),(1310,'csewter3h@w3.org','PbwdkHfz'),(1311,'khorlick3i@xrea.com','wa1tALa'),(1312,'mdavidovitch3j@imgur.com','yyAQYqf7nEF'),(1313,'rfretson3k@hexun.com','0ZfQugKY'),(1314,'fpopplewell3l@bloglovin.com','Qgjpn34LB5'),(1315,'delington3m@godaddy.com','yuijyAb'),(1316,'ptreadway3n@reverbnation.com','JB9Stgyb'),(1317,'jgartin3o@salon.com','wIwuzC8a'),(1318,'wyelyashev3p@wikia.com','WH6lC6'),(1319,'dfishby3q@google.ru','bqd4lA3qo3v'),(1320,'cca3r@symantec.com','Z6aETFBcSFg'),(1321,'stzar3s@paginegialle.it','2s4Mf4m4A2o'),(1322,'dsiveyer3t@acquirethisname.com','s5N9gBzeeVr9'),(1323,'aolenichev3u@taobao.com','Og4fhvys'),(1324,'wquinnet3v@baidu.com','mfNLd5Qp7cWO'),(1325,'htuff3w@archive.org','toZrcyORZ'),(1326,'dtrencher3x@cdc.gov','CQl3QuWPwe'),(1327,'cdefreyne3y@bloglovin.com','lq2Hm4NZNs'),(1328,'sdoorbar3z@reference.com','g6IySPAEvom'),(1329,'wpymar40@icio.us','GVIYXiTG5HZ'),(1330,'rplacstone41@typepad.com','ykNc5EX6DCc5'),(1331,'tluigi42@cam.ac.uk','MTiZGeMqRXyN'),(1332,'llinfitt43@wix.com','YgliusNeMox'),(1333,'emarcum44@amazonaws.com','rRXRpHB47Vt'),(1334,'gtremmil45@earthlink.net','gIwprpCZ1'),(1335,'apybworth46@yellowpages.com','DeqrZIwTths'),(1336,'mdalgarnocht47@ebay.com','0mKJmq1'),(1337,'fjohann48@github.io','zz4FVmugl'),(1338,'myard49@nba.com','JOtCZI5F8rS'),(1339,'dpariso4a@quantcast.com','G32dYFDMhduN'),(1340,'dlawn4b@ovh.net','0VyylsA7'),(1341,'igraith4c@sciencedirect.com','qKpykeqLiRwj'),(1342,'hdust4d@studiopress.com','7KM6U3xzQIlp'),(1343,'mbarstowk4e@time.com','naOp9T68'),(1344,'pchatters4f@163.com','wRAsJPaV5d'),(1345,'sharburtson4g@amazon.co.jp','WEzpOfltA'),(1346,'ebonds4h@oakley.com','7aU8Cx0cq'),(1347,'cboodell4i@sogou.com','kPm9WFk'),(1348,'nboatright4j@stumbleupon.com','lyDg6v7xdd'),(1349,'agirkin4k@phoca.cz','yeZmxmB'),(1350,'ddumbare4l@typepad.com','6g0R9A'),(1351,'coverell4m@barnesandnoble.com','DLynDma4MPOX'),(1352,'acassedy4n@china.com.cn','91RdZT5alAG'),(1353,'epraill4o@rediff.com','NWztLgD'),(1354,'ncocker4p@ucoz.ru','SbhNCSfT'),(1355,'heckersley4q@admin.ch','0cCI4lEg7KX'),(1356,'rmanass4r@zimbio.com','kRggnU6axi2'),(1357,'canthonies4s@sina.com.cn','rZDVoPddPR'),(1358,'jgilliver4t@t.co','8XFusHH'),(1359,'athal4u@smugmug.com','uLnkWysj2hV7'),(1360,'bloyd4v@xrea.com','IhO3ZQu'),(1361,'eblague4w@china.com.cn','skUllP'),(1362,'nspriggin4x@boston.com','i8Rxtk16bAcK'),(1363,'barpe4y@wisc.edu','3YPOILd'),(1364,'avirgo4z@biglobe.ne.jp','yKD29ICAt4F'),(1365,'alygo50@census.gov','Jihhas'),(1366,'hhamelyn51@sohu.com','jaB7fnK'),(1367,'arolfe52@google.com.hk','qzZrHevYKO'),(1368,'hjohn53@barnesandnoble.com','fxBeip61AjD'),(1369,'kbudnik54@ca.gov','1F8ZcKr'),(1370,'cpordall55@mapy.cz','c4TVOmf1'),(1371,'sbirdfield56@harvard.edu','i15DnxUrPR'),(1372,'adedmam57@so-net.ne.jp','4uyrplGUfDQ'),(1373,'mhinchshaw58@opera.com','7x7ET4dA'),(1374,'apickavant59@slashdot.org','JowQRCx9q2'),(1375,'hbaylis5a@t.co','kyq5lgbs3FDL'),(1376,'ltemperley5b@mayoclinic.com','z5Qk6Nnc4Hh'),(1377,'ebonifazio5c@independent.co.uk','9LdGAgZb8f'),(1378,'aace5d@cisco.com','DPAHhZ'),(1379,'wdoddrell5e@xing.com','h9O8SPKn1iI'),(1380,'hallcroft5f@shareasale.com','PMrjpyUs'),(1381,'bitzcovich5g@freewebs.com','x112R8BtrU'),(1382,'aospillane5h@addthis.com','dChD5gtM2B'),(1383,'raymerich5i@bloomberg.com','pb5y8uu8Aut'),(1384,'mtattersall5j@senate.gov','VFrEfjBa1sq'),(1385,'aclerk5k@newyorker.com','Mboct1t'),(1386,'cmoseby5l@lycos.com','LN96an'),(1387,'sgermain5m@github.io','LBIOXNmutojE'),(1388,'dsimoes5n@jigsy.com','81lCU1j'),(1389,'dwrathmell5o@i2i.jp','p0ZyWb'),(1390,'amackieson5p@yelp.com','ZZuV9C'),(1391,'sclare5q@psu.edu','NTLmzwxDhm4'),(1392,'jfeighney5r@wordpress.org','NM6GS16a8sLH'),(1393,'tnieass5s@soup.io','e5EYOqPK83t'),(1394,'nboadby5t@answers.com','Z0uqBcicD3hQ'),(1395,'cnewland5u@netscape.com','ZRcEtNF93f'),(1396,'ctander5v@yahoo.com','B9yBv1Pb'),(1397,'wziebart5w@vk.com','8L4XVuuIJT'),(1398,'kmortel5x@i2i.jp','nbHLa3p'),(1399,'jcoper5y@unblog.fr','eDZTtf8nOnOs'),(1400,'epotten5z@seattletimes.com','GClFNIFPdL'),(1401,'olytton60@reference.com','v1ZbanVOGZic'),(1402,'mantrag61@jimdo.com','yur63puIbyXq'),(1403,'uaubert62@nhs.uk','tQ2cXjkJFvqi'),(1404,'epuckey63@house.gov','FQZseY'),(1405,'kgregorio64@salon.com','RYFxjOrV'),(1406,'lgajownik65@uol.com.br','YqE4TNc1ECDj'),(1407,'molland66@about.com','Wh2FdZ'),(1408,'dipsley67@abc.net.au','nKiLkgb9'),(1409,'spatkin68@4shared.com','wJb2ynfz'),(1410,'sriseborough69@angelfire.com','eeEiL2ppKR'),(1411,'rlankford6a@cnet.com','gQ0lifJX6'),(1412,'rshirland6b@xinhuanet.com','QMYVp2MhwrN'),(1413,'jselvey6c@patch.com','kcDwjOlEDIPG'),(1414,'nkynaston6d@latimes.com','9eqKEfa'),(1415,'slage6e@ucsd.edu','3nQXeO'),(1416,'zironmonger6f@netlog.com','S0bwMIKn'),(1417,'rord6g@geocities.jp','6g9Sho'),(1418,'medon6h@cbc.ca','bASPXRP'),(1419,'pdayne6i@europa.eu','wV8hnrs'),(1420,'hgask6j@unc.edu','uCl6modHU'),(1421,'akasman6k@xrea.com','XnATr0aN'),(1422,'jdumphry6l@marketwatch.com','jhAevs'),(1423,'cscarlett6m@seattletimes.com','7eCTBc9'),(1424,'dleathem6n@shareasale.com','aMA6pe'),(1425,'rmcgilvray6o@google.it','9uXc9Od'),(1426,'skeyme6p@eventbrite.com','Mxfe3a'),(1427,'gbomb6q@japanpost.jp','oZv9sWXhndcv'),(1428,'lkhilkov6r@drupal.org','oAHRRB7uCv'),(1429,'mmarjot6s@paginegialle.it','na5FCYw6nBr'),(1430,'iharnett6t@pcworld.com','ohbeCsjyaV'),(1431,'dlinfield6u@sourceforge.net','3Rlca64'),(1432,'wstilling6v@bluehost.com','Hv3ReiD'),(1433,'tsilverston6w@bbc.co.uk','TWDoGfd'),(1434,'kvears6x@smugmug.com','cN5EcGXupCH'),(1435,'acobson6y@furl.net','QoHyRek'),(1436,'lgabbatt6z@goodreads.com','wX1vG8k3OmHR'),(1437,'mavent70@taobao.com','foGXa8KSSdYp'),(1438,'ndominy71@time.com','jNCB6dHAux'),(1439,'apettis72@fema.gov','gQmc6V2xbP6q'),(1440,'bgaither73@netlog.com','XciGU0AT'),(1441,'cmcgilben74@examiner.com','6zy16y'),(1442,'iible75@twitter.com','tYsKXBchE'),(1443,'kkirsche76@smh.com.au','zmANOn'),(1444,'emateja77@hubpages.com','li11eon63c'),(1445,'pbaile78@fastcompany.com','QzEUJvM'),(1446,'bbullier79@archive.org','oZL6q8jR6u2W'),(1447,'ypawnsford7a@51.la','KmNf30'),(1448,'afarndon7b@cpanel.net','F5LoK9UMKnd'),(1449,'htimperley7c@craigslist.org','PR3uqO9'),(1450,'sliveing7d@timesonline.co.uk','uJUm7S5GEO'),(1451,'rbisgrove7e@cdbaby.com','QsITGKUc9'),(1452,'dphilcox7f@squidoo.com','SFOkZOKFRe'),(1453,'iflaws7g@jigsy.com','JySy6MbeDIK'),(1454,'eundy7h@vistaprint.com','2AFooAsk7O'),(1455,'dertelt7i@engadget.com','crxXsDO'),(1456,'tpettigrew7j@t-online.de','MaWIAwrk4Z'),(1457,'waskell7k@vkontakte.ru','IegKrn'),(1458,'amurphey7l@latimes.com','Fr20wz21C'),(1459,'cbiffin7m@indiatimes.com','FPSRUgbcDTo'),(1460,'jtheodore7n@usnews.com','GcMh12dQi'),(1461,'wservant7o@blog.com','nCBW81mG5WDe'),(1462,'zskune7p@360.cn','nTLZVV'),(1463,'sdowsett7q@theguardian.com','M5RRlv'),(1464,'dsorby7r@booking.com','c3MAIvG'),(1465,'kborgne7s@sphinn.com','l50eRyZgo0'),(1466,'ccranmor7t@huffingtonpost.com','4Y4AS7K'),(1467,'rglamart7u@i2i.jp','enrmrV'),(1468,'agapp7v@amazonaws.com','kkMmaSaVJ'),(1469,'sbrimm7w@europa.eu','dvNlLE'),(1470,'aimorts7x@mozilla.com','u3wie2WZEzBw'),(1471,'ghincks7y@acquirethisname.com','MMm6HwJF'),(1472,'cmcguinley7z@geocities.jp','vKw52We'),(1473,'ering80@feedburner.com','7qNvycbXuQR'),(1474,'fplaide81@amazon.co.uk','uDDMarjE'),(1475,'hkneel82@discovery.com','w2ekpJogR'),(1476,'kmattusevich83@diigo.com','sAk4iL'),(1477,'kchillingworth84@mashable.com','0Dg4ODpFRiOq'),(1478,'rhubatsch85@wikispaces.com','sZvW9i'),(1479,'ggrimme86@furl.net','Swba33af0'),(1480,'akellington87@topsy.com','9AgluYWaHr'),(1481,'snaire88@walmart.com','SgmmZIYZ18'),(1482,'wgallego89@1688.com','2HYwnuKC2q6s'),(1483,'mstokey8a@telegraph.co.uk','92NlgV0FkKHe'),(1484,'jmoulden8b@yolasite.com','k2Lk9EESs5y'),(1485,'mshorbrook8c@apple.com','lOhOqu'),(1486,'escambler8d@alibaba.com','a5mYhaJIV'),(1487,'tharrald8e@reference.com','YvCbxCHEOD'),(1488,'madamovich8f@sun.com','8gkmF58OVFv'),(1489,'kmcalpin8g@paginegialle.it','vhb4cn'),(1490,'lscambler8h@blogspot.com','1HE790'),(1491,'hhardesty8i@intel.com','xRWOpHmNkgL'),(1492,'cklaessen8j@statcounter.com','LVnVbTsm'),(1493,'ftimby8k@fema.gov','wyKyrsa3VWVr'),(1494,'mhammon8l@bing.com','b23YaEITj'),(1495,'lready8m@alexa.com','Bmy3TE5T'),(1496,'gkybert8n@soundcloud.com','hKXC7WMuaC'),(1497,'agodmar8o@reddit.com','WKyOoqne'),(1498,'dmcphillimey8p@google.it','S46enztF'),(1499,'jlenglet8q@rakuten.co.jp','rpaOdexUEb'),(1500,'bcashford8r@google.com.br','tBQyniPbPo'),(1501,'vhakonsson8s@microsoft.com','LvHpjCd5702'),(1502,'rcolthurst8t@furl.net','TGcK1TzzKB'),(1503,'mneeves8u@qq.com','e0fahJ'),(1504,'mgiacobilio8v@about.com','BAxT1lfqa1i'),(1505,'pjewsbury8w@cpanel.net','XYZsrtQjRSoL'),(1506,'lclatworthy8x@macromedia.com','Aaw8HgYh'),(1507,'ssandon8y@fda.gov','wnLQIMl'),(1508,'dwhithalgh8z@nih.gov','BRpsZbde5OGI'),(1509,'qyitzovicz90@marriott.com','bxOp4M8mDqxP'),(1510,'vhyam91@shinystat.com','mon3Wk5nw7bs'),(1511,'pfaulkner92@arizona.edu','c5fUUp'),(1512,'tshere93@msn.com','A89APLc7'),(1513,'mcruickshank94@sfgate.com','m3MKfmqZDrU'),(1514,'bparratt95@umn.edu','3pGjI7KA'),(1515,'jaubrey96@narod.ru','2hqKbuQvgEpp'),(1516,'acastano97@npr.org','HRQ1xb'),(1517,'jmartland98@unblog.fr','lvYBB8'),(1518,'ysprosson99@imdb.com','8SH0qp08'),(1519,'dhenzer9a@xinhuanet.com','2S2eJ8Dmwt'),(1520,'xgeroldini9b@acquirethisname.com','7AdnZZ0Do'),(1521,'ubraunter9c@washingtonpost.com','3rPMaa2D0j'),(1522,'ehuntress9d@de.vu','2IHUWTH'),(1523,'gquinion9e@liveinternet.ru','WEZhGwz'),(1524,'mjorger9f@tinypic.com','CrCea1'),(1525,'gmenilove9g@oakley.com','JXpBF9ZLPL'),(1526,'gsambell9h@jiathis.com','mGJ8lghd'),(1527,'jlestor9i@globo.com','sUWHFBoYUTk'),(1528,'cscotchmore9j@unesco.org','eis0fF3rqi'),(1529,'awatting9k@elegantthemes.com','8TkcVJ4i55'),(1530,'nseeger9l@arizona.edu','vQ04cwH9'),(1531,'jdjokovic9m@redcross.org','jUKEsFDIE'),(1532,'caylin9n@cbsnews.com','oE8dvaS'),(1533,'blovstrom9o@stanford.edu','9BTM5RxEU'),(1534,'farunowicz9p@engadget.com','YzYTwmUYLZ'),(1535,'tglozman9q@mashable.com','BBCZZJ'),(1536,'galbasiny9r@webeden.co.uk','ziqe1t2RhLcA'),(1537,'mfursse9s@sun.com','yGbOJMBKaQi'),(1538,'afidelli9t@ucoz.com','pYgZaONww'),(1539,'helse9u@foxnews.com','Nqz2BfIV'),(1540,'clennard9v@bloglovin.com','VcXUAGBP'),(1541,'toheaney9w@ox.ac.uk','ZvgeL2v'),(1542,'swickson9x@sun.com','pOvs7yx4rVv'),(1543,'ahance9y@java.com','jWDPk4Kq'),(1544,'rbadsworth9z@google.pl','ySpnWVs3Kar'),(1545,'tvangeffena0@furl.net','n4wMCL3'),(1546,'rnaisbeta1@github.com','PUtp2gZUAcPW'),(1547,'ndibbina2@odnoklassniki.ru','46eeqrl1FYTs'),(1548,'jmaxteda3@google.es','doXBFzYWh0'),(1549,'hlindla4@drupal.org','U9bhLtD'),(1550,'tdanziga5@symantec.com','I2aHhnEwPj3N'),(1551,'hkulla6@sogou.com','VgNllCL'),(1552,'bplowsa7@java.com','mGtZkt6'),(1553,'rfoggoa8@merriam-webster.com','GjgyjyBY7D'),(1554,'kturnera9@aol.com','nj2va8Xhe'),(1555,'mkuhnertaa@toplist.cz','Nhz8d4AD3ySo'),(1556,'habramamovhab@youtu.be','YmwBdCwF9'),(1557,'drandlesonac@netvibes.com','4giFYLpF'),(1558,'acasacchiaad@hugedomains.com','EBKE32iBoR'),(1559,'nkyrkemanae@wordpress.com','qQCoNkX3Pu'),(1560,'fmccorleyaf@flavors.me','L7Va7H2q7Nm'),(1561,'vstansfieldag@google.ca','bWmffN4o6l'),(1562,'ajaggerah@digg.com','PIO7FbL'),(1563,'rcourtai@livejournal.com','nq7DNuS'),(1564,'mfendleyaj@hubpages.com','beEzylg8jo'),(1565,'sguitelak@ameblo.jp','tcfl6HS0J8Uj'),(1566,'gandryszczakal@smh.com.au','CPMlYb3'),(1567,'scarnam@joomla.org','1WQWFFxemA'),(1568,'bsoroan@mozilla.org','WXciCUmRHhC'),(1569,'emelluishao@networkadvertising.org','I0cZQBK2Kk3'),(1570,'wwrateap@amazon.co.jp','1mlPaYwAW'),(1571,'chuegettaq@addthis.com','2dR6Dciczcd'),(1572,'kscatesar@cbslocal.com','MsSNBH'),(1573,'shabbershonas@xing.com','MF8V1lBdMn5'),(1574,'koxnamat@comsenz.com','c6inviYOHA'),(1575,'godneyau@bravesites.com','JT0TKvWL7'),(1576,'browneyav@stanford.edu','1bmloGJj6NUo'),(1577,'ekilbeeaw@europa.eu','M6BJV6PWLTJ'),(1578,'gderuggieroax@cnbc.com','P1WZDjnjqp'),(1579,'smushaweay@odnoklassniki.ru','6ueMsVQ'),(1580,'lconnerlyaz@hostgator.com','GJsqf7jcB0Oo'),(1581,'fhughmanb0@foxnews.com','7bXELc0j6ljE'),(1582,'whapperb1@europa.eu','Uaxcz8'),(1583,'jmcmillianb2@techcrunch.com','w8H3jA0p'),(1584,'kyesinovb3@marketwatch.com','Zqrbec37BT'),(1585,'rlanktreeb4@google.fr','1vl1Tn9'),(1586,'mbolusb5@amazonaws.com','VZpKDXXoAno'),(1587,'walliottb6@cargocollective.com','yvdcrj3lQLt'),(1588,'sordidgeb7@technorati.com','g276mSoEdtgB'),(1589,'bbeckettb8@adobe.com','juw1u25'),(1590,'dbrabhamb9@time.com','lpL0aYeh8'),(1591,'clengthornba@123-reg.co.uk','3zhsevVpz'),(1592,'fgrewesbb@usda.gov','moJdexlkaXJ'),(1593,'rpennockbc@fotki.com','rZmTVKW10PW'),(1594,'bodooleybd@g.co','OSXpzWxsXntx'),(1595,'loflannerybe@cnet.com','TQ5vIStdCn'),(1596,'mpounderbf@github.com','Nt2DuOE'),(1597,'ftrittambg@ucoz.ru','d2Vt3iX'),(1598,'wmagisterbh@skyrock.com','0ZbF7rScn9dM'),(1599,'sseagarbi@pbs.org','2YnQZUMjpx'),(1600,'agirthbj@php.net','gHGnTKyOGoQ6'),(1601,'kcornierbk@adobe.com','32ya7L8WAPR'),(1602,'hrobbeybl@cmu.edu','bmnZpDRXGG1'),(1603,'rhollierbm@blogs.com','FbVAhneAV'),(1604,'bmenelawsbn@economist.com','cbwG4Gn1Tj9w'),(1605,'dlehrmannbo@hatena.ne.jp','SbPYPtMzDeSQ'),(1606,'fhowsanbp@cisco.com','9YkaXoBz4N'),(1607,'lpacquetbq@boston.com','zQGvXFbCj'),(1608,'wmawsonbr@technorati.com','DJV3l1n'),(1609,'vdeexbs@homestead.com','U3fj64Wkr'),(1610,'jayliffebt@yellowpages.com','xTBkPVRUIx'),(1611,'mhardingtonbu@google.com','gHJzqfU1Nqrj'),(1612,'xsemberbv@printfriendly.com','99PeyFmhJhV'),(1613,'sgecksbw@hhs.gov','KwmxvTHMoV'),(1614,'dbenoitonbx@wunderground.com','FpJlW7'),(1615,'dbouzekby@wunderground.com','d6pXj8'),(1616,'bsemeniukbz@hugedomains.com','MhShzA'),(1617,'dvaleriusc0@sun.com','DTgE9yCGk'),(1618,'syurkevichc1@spiegel.de','XGoj3P'),(1619,'hjecksc2@wix.com','dZE7pyB6'),(1620,'tludmanc3@privacy.gov.au','J2NCWrphFHsV'),(1621,'bledrunc4@rediff.com','IMumfizWD69'),(1622,'nmontesc5@pagesperso-orange.fr','4J6a28KKPeTX'),(1623,'dreboulc6@dion.ne.jp','sqKWqPyevo'),(1624,'myarntonc7@economist.com','zXHPOtWHN'),(1625,'fgreenacrec8@jugem.jp','bCx6Mk'),(1626,'awaterfallc9@house.gov','BEkWLSw'),(1627,'kollivierreca@printfriendly.com','E7jZCnymNA'),(1628,'costridgecb@latimes.com','etKtLSbkS6JH'),(1629,'hkeelercc@360.cn','xInfLC'),(1630,'lyardycd@biblegateway.com','A22fZ3FHXNpH'),(1631,'pstarzakerce@spotify.com','gGxo3McvPj'),(1632,'ctarburncf@huffingtonpost.com','C0HstRAGw'),(1633,'afeecg@twitter.com','JcyhKt3y'),(1634,'lhingech@geocities.jp','PX2sACNZUD8g'),(1635,'ejanseyci@zimbio.com','u1qBKGx'),(1636,'gmedfordcj@jigsy.com','KAVJ9WtcVb'),(1637,'jnewberryck@baidu.com','j5i1APY4'),(1638,'jsteblescl@alexa.com','DqDoD2UyBg'),(1639,'grestallcm@g.co','hTfXb0Xus4wU'),(1640,'kenderlecn@army.mil','rUteVnFhGn3'),(1641,'wfennellco@amazon.com','pndsdtx194'),(1642,'cnaisbycp@fema.gov','WjX6KPt'),(1643,'scridlandcq@bbb.org','3UhmKNDZynn'),(1644,'iashnesscr@lulu.com','3pPKBrap'),(1645,'tseekscs@illinois.edu','j6G0JkXZ6o'),(1646,'gspackmanct@cafepress.com','9Zmx8ZSkN'),(1647,'bglaumcu@about.com','RQDpidk41Bl'),(1648,'rtanslycv@macromedia.com','84fCCUQ0OYWb'),(1649,'edikecw@taobao.com','1kGQsXf'),(1650,'rlloydscx@ebay.com','CHRE9M5QqQ'),(1651,'lselkirkcy@discovery.com','dir0GU'),(1652,'kjoynsoncz@msu.edu','YVtYZWaRma'),(1653,'eseamansd0@chronoengine.com','GSkdhk5'),(1654,'owittend1@buzzfeed.com','W6msMlU'),(1655,'bsandwickd2@baidu.com','Kq9HciPy1QE6'),(1656,'bleaverd3@home.pl','v3v0ryoN5Id'),(1657,'hsaphird4@time.com','d62AlAu'),(1658,'htrenchd5@seesaa.net','Fbe0vb67Jvrz'),(1659,'avaleriod6@studiopress.com','6kwEM5KTgmf'),(1660,'hhandysided7@typepad.com','8OjVSw4JB'),(1661,'rbeltond8@state.gov','ZH7vJxktiC'),(1662,'smeinekingd9@infoseek.co.jp','qlj1lLqq'),(1663,'arosieda@businessinsider.com','u6dk4joD'),(1664,'mhutabledb@surveymonkey.com','HdmZDXl'),(1665,'epiquarddc@sbwire.com','qHTQ2UdfQJJ'),(1666,'vwhylerdd@census.gov','2hC0U3Wn'),(1667,'lhatfullde@craigslist.org','Nm6sxfqIeV2Q'),(1668,'xjoplingdf@blog.com','DdicWSV'),(1669,'kdrugandg@marriott.com','UibSqs9IEe'),(1670,'mbercherdh@woothemes.com','zIgbDR'),(1671,'gwannopdi@hao123.com','Np2GEyiiYE8Y'),(1672,'whayseydj@artisteer.com','zDVpm7ZQVDGz'),(1673,'mgrigollidk@vistaprint.com','JDUOI7lL'),(1674,'lgarterydl@google.ru','kiQzZ4URlt'),(1675,'abintondm@washington.edu','7Aj268bR8M3'),(1676,'htrotmandn@mapy.cz','PJWQEA2'),(1677,'gforlongdo@nasa.gov','yufTkqg2C'),(1678,'eslowcockdp@geocities.jp','tPziF4B4W'),(1679,'blittledikedq@spotify.com','VXsPHACM'),(1680,'fashtondr@ameblo.jp','IGutFhaLVYTn'),(1681,'vegaltonds@slate.com','NDFMqOPWGm'),(1682,'lbusherdt@tumblr.com','AwOXRjhID'),(1683,'ayeandeldu@spiegel.de','zSlObhVz7w'),(1684,'oclerydv@seattletimes.com','Clla5Q0LFSgY'),(1685,'jgaywooddw@bluehost.com','yUtGoN'),(1686,'lhambrickdx@tripod.com','qdukw7IcHauL'),(1687,'mfrierdy@nhs.uk','7boVCoG2b'),(1688,'jgoulstondz@guardian.co.uk','dGp5pI'),(1689,'pfawlkse0@adobe.com','Ta11rpNIi'),(1690,'arobbertse1@hhs.gov','WpgySZXH7'),(1691,'ttrainere2@virginia.edu','KrvTCbRU5uKU'),(1692,'abiernackie3@answers.com','3Lc5qb4tK'),(1693,'dwittye4@miitbeian.gov.cn','7RbVWWTyL'),(1694,'challowse5@squidoo.com','tq1X5Kpgt'),(1695,'ihuntinge6@stumbleupon.com','Yux5xtao'),(1696,'kquinevane7@webmd.com','3leBYb'),(1697,'obummfreye8@ovh.net','0Une1wZtCC1a'),(1698,'ejoreze9@facebook.com','7VYJIw'),(1699,'gbooijea@howstuffworks.com','zDGi3SgFHzPZ'),(1700,'abakeupeb@geocities.com','tkuRvhF'),(1701,'landreec@uol.com.br','44ZEGaQ'),(1702,'amathened@noaa.gov','WGcV047j7'),(1703,'pragateee@nih.gov','q0Hv1i04b2hi'),(1704,'hlintottef@pen.io','nmHykr'),(1705,'kattyeg@fda.gov','DIQYgu'),(1706,'aludlameh@nyu.edu','lEwPx2m'),(1707,'esierei@dailymail.co.uk','MXGCSmczvV'),(1708,'jperrottetej@google.co.jp','etfigE6oge'),(1709,'hhoyek@dot.gov','3m9dJZ13YJqc'),(1710,'tmcalesterel@prnewswire.com','tXw9gnTpX3'),(1711,'lsteinerem@seesaa.net','tRl6XXLO'),(1712,'gantliffen@webs.com','ckKZB0vVns'),(1713,'lkirszeo@devhub.com','m0YSs0LbKfR'),(1714,'fkeppieep@amazon.co.jp','VdP2EEuMBlN'),(1715,'otolomellieq@istockphoto.com','9Fe9xvidj9'),(1716,'jbarbourer@hubpages.com','Vf0mfH1Q9zDU'),(1717,'sgluyuses@uol.com.br','qYUaozb'),(1718,'omceniryet@barnesandnoble.com','RxKnuSMjeAQ'),(1719,'ddelucaeu@toplist.cz','G9YACT'),(1720,'apfaffeev@blogtalkradio.com','7mmGny2PkXn'),(1721,'ddubbleew@bbc.co.uk','53SuNExWkne'),(1722,'bkerfootex@globo.com','KpRzoVDS5gkG'),(1723,'hisaksoney@hhs.gov','GV7M9sFUmw'),(1724,'dfozardez@wunderground.com','M16X2Z'),(1725,'rjecksf0@cnet.com','bDrvYx'),(1726,'dcholwellf1@cmu.edu','RGZ68O1wTlFb'),(1727,'khattersleyf2@ca.gov','qIzeyRJU0'),(1728,'rwehdenf3@xinhuanet.com','r7Sp3SBSbrq'),(1729,'pboncoref4@digg.com','P4OUt82T0ID'),(1730,'thirsthousef5@behance.net','u4tSumsWO2e'),(1731,'nlelliottf6@soundcloud.com','9mG60HLeFK'),(1732,'emcteggartf7@alibaba.com','v9noWa'),(1733,'pmcianf8@domainmarket.com','DE64APtGlC'),(1734,'meffauntf9@geocities.com','dfLXh93Kfk'),(1735,'pidendenfa@cam.ac.uk','tBzKhzAW'),(1736,'eprickettfb@senate.gov','y59RHuyHDN'),(1737,'eolivarifc@abc.net.au','b7N6nnB9U5G7'),(1738,'vmcclochfd@sciencedirect.com','ig4hIc7'),(1739,'dfranceschife@fotki.com','W2o1bc00PgMw'),(1740,'eshoemarkff@drupal.org','lyZTopXekq'),(1741,'rwestofffg@google.de','S4TUeEUPi'),(1742,'hkitchinhamfh@reference.com','Rpn3crzNLckj'),(1743,'evidgenfi@slate.com','1MlbM2bFbt'),(1744,'telfefj@economist.com','MgPgNrFpNyL'),(1745,'caparkfk@irs.gov','81WVWsl'),(1746,'lpoonefl@exblog.jp','ECSe1ifns67'),(1747,'dissitfm@usgs.gov','9yLTXC22n'),(1748,'dkorousfn@jiathis.com','BssvGWkP9ve6'),(1749,'cloomisfo@ucsd.edu','cVqrZeanJ'),(1750,'agillfordfp@typepad.com','9NLiLta0'),(1751,'pcapelfq@4shared.com','mARGp1zR4eJ'),(1752,'bnelfr@so-net.ne.jp','UJJpeg2Mjr49'),(1753,'akleinsmuntzfs@springer.com','3d8DR2y'),(1754,'hjozsikaft@topsy.com','nm32yeyEp'),(1755,'mberzenfu@tripadvisor.com','g7kr5W'),(1756,'kwillersfv@cargocollective.com','BUVuppNH5vA'),(1757,'mcasolfw@twitter.com','jgSvw9rAU'),(1758,'sbeardsallfx@chicagotribune.com','na6UeckmI'),(1759,'omingardofy@miibeian.gov.cn','Fm31Wb43x7P7'),(1760,'frourkefz@dedecms.com','SvEnaw1Rm'),(1761,'kpiertong0@facebook.com','Wm5UNdlo5WE'),(1762,'wglascottg1@woothemes.com','bIjl8ic2pn'),(1763,'jcuddehayg2@symantec.com','Rwrv8tRU7U'),(1764,'stownesg3@dmoz.org','o5xB2N'),(1765,'mrussog4@blogtalkradio.com','TjOCdZEo'),(1766,'cwoodsfordg5@slideshare.net','lx605vV3YV1r'),(1767,'zratazzig6@woothemes.com','V3iaLat5k'),(1768,'leliyahug7@domainmarket.com','P2C7uZ5UC07'),(1769,'lspireg8@macromedia.com','Qqeo0r'),(1770,'cmcguffogg9@facebook.com','RWWtbAD'),(1771,'ebellshamga@ucoz.com','zoQVj50UWA8'),(1772,'pswafieldgb@delicious.com','PU2UvW'),(1773,'gdavenallgc@issuu.com','ZEmrO8FnQkvA'),(1774,'tbisikergd@nationalgeographic.com','HWJN77'),(1775,'lacostage@hhs.gov','6s1JUJ'),(1776,'bhargategf@scribd.com','1XjQgieh'),(1777,'wyelyashevgg@hc360.com','CGXvZl88v'),(1778,'cbownassgh@guardian.co.uk','F76G7kSaX'),(1779,'gburchellgi@nps.gov','JVdq8L'),(1780,'lnowakowskagj@ezinearticles.com','uRBqQUE'),(1781,'sklinkgk@google.de','cKQfXdZOg'),(1782,'abreydingl@merriam-webster.com','gcJPykn'),(1783,'sclousleygm@51.la','dMmGEjprRu'),(1784,'ibelliveaugn@nature.com','LNA0Ohm'),(1785,'raiskovitchgo@live.com','lVfl8us'),(1786,'lothamgp@tinyurl.com','08vXT40m'),(1787,'bpavlatagq@cbc.ca','VfpMHnXVzI'),(1788,'ofullilovegr@buzzfeed.com','yfTZT6'),(1789,'lpaddingdongs@merriam-webster.com','EbCwq8JrRw'),(1790,'wmorriesongt@netvibes.com','Ua0XIGt'),(1791,'smacconnechiegu@hud.gov','gqg4E9BJN'),(1792,'emccurtingv@google.co.jp','4OM0ZDaiUS'),(1793,'kzuppagw@amazon.co.uk','Gr9wo1'),(1794,'wdoumercgx@chicagotribune.com','CCZwGV'),(1795,'ahoneywoodgy@bluehost.com','aZhbC129X'),(1796,'sriseboroughgz@digg.com','U0ob5ESTP914'),(1797,'lbraunsh0@narod.ru','DZ4gyWDm6'),(1798,'gbookh1@newsvine.com','uiR20jV2y8'),(1799,'eebbetth2@fotki.com','DPdTQlOG9E'),(1800,'njenteauh3@guardian.co.uk','LlBFzRsXA'),(1801,'cfountainh4@yelp.com','GkejrHPkktIj'),(1802,'vandrysh5@ycombinator.com','qp6TKhhEi7N'),(1803,'bdunrigeh6@nationalgeographic.com','He1MB8RzN'),(1804,'efincherh7@drupal.org','wx0jPOqyfL'),(1805,'schrippesh8@devhub.com','vou7n2lIw4f'),(1806,'ldulsonh9@list-manage.com','SovxCv'),(1807,'fwonterha@loc.gov','BecxCwmnA'),(1808,'aabraharthb@ed.gov','A86ubdzkla'),(1809,'ederrickhc@ca.gov','Qh562g'),(1810,'apotkinshd@foxnews.com','51xocnjR'),(1811,'ilobhe@businessweek.com','spT6bnk1Exi'),(1812,'nmantripphf@example.com','0gKFilPe'),(1813,'tbarenskihg@amazon.de','0zXWHMRVwaYq'),(1814,'bduntonhh@nature.com','KUzWixtiB1Z'),(1815,'amedlicotthi@bizjournals.com','mFRjW0npSh'),(1816,'mtrayshj@yellowpages.com','uOmfUa13'),(1817,'vgallicohk@slideshare.net','h0H6jSPeDGmk'),(1818,'wbuyershl@sun.com','I1jeNs'),(1819,'gtrustramhm@blinklist.com','JnZc6NqYV'),(1820,'bganifordhn@tuttocitta.it','ITInAQ'),(1821,'chavickho@hibu.com','6dgzzZz8ya'),(1822,'dsmalridgehp@sourceforge.net','V3CjXBNT'),(1823,'clawreyhq@facebook.com','gPrYBbZ14'),(1824,'jhadkinshr@lulu.com','xUdDPXPnJl'),(1825,'ldryburghhs@unblog.fr','FZcBPRz'),(1826,'klamploughht@joomla.org','Qtx6jq8Q'),(1827,'mswindellhu@who.int','xyqD2S8hwg83'),(1828,'belwoodhv@eepurl.com','kYP6AU8Uv'),(1829,'rvinehw@ebay.com','PIOh0JhaBx'),(1830,'wkleinhandlerhx@arstechnica.com','khHSoH'),(1831,'lheijnehy@chronoengine.com','gmHg7fBN7'),(1832,'jstagghz@chronoengine.com','vKl2fd'),(1833,'dkubiczeki0@examiner.com','eiRPUW5X'),(1834,'apavesei1@yale.edu','YL5AHIzks'),(1835,'aaccumi2@tripadvisor.com','jiAdqSWjE6cV'),(1836,'fcroleyi3@alexa.com','7maAFuUI'),(1837,'draoulti4@google.es','0lJVMDt'),(1838,'evickerstaffi5@t.co','xIZbdhUCZ'),(1839,'pgaskini6@reddit.com','QEvhXEgKzEOI'),(1840,'cfellgetti7@nymag.com','0wKtBxuPSox'),(1841,'flarkworthyi8@amazon.com','BwRhlq'),(1842,'dgoalbyi9@ning.com','C4q1sff9lSDY'),(1843,'cuzzellia@gov.uk','D1dlfQGFbh9h'),(1844,'tkleanthousib@thetimes.co.uk','tgeuyV8WM7y3'),(1845,'maldusic@cdc.gov','JBvE1npT9sR'),(1846,'loxtabyid@oakley.com','I79pRxITJle'),(1847,'jcamposie@yellowbook.com','OPMOfBPKQ'),(1848,'mfawdrieif@nytimes.com','Zkocw2llpMD'),(1849,'pyeldhamig@ameblo.jp','3aX68P'),(1850,'colenichevih@163.com','KBurWRRj7C'),(1851,'pcollickii@facebook.com','P7p9LUhULN6u'),(1852,'rmatteottiij@cam.ac.uk','HCWAOjL'),(1853,'tgoldwaterik@ow.ly','OXkCkdQjMslB'),(1854,'ggiraudouil@cam.ac.uk','qn3zie9XzL'),(1855,'pmanifouldim@dion.ne.jp','ET0If7R'),(1856,'ljuleffin@wix.com','kMp3kP'),(1857,'lchampionio@discuz.net','TW5egxfJb3k'),(1858,'csatfordip@51.la','7ruDZiCUCIno'),(1859,'mgheeraertiq@patch.com','qeh7O3SFW7R'),(1860,'gregelousir@addthis.com','M1zqDAT'),(1861,'hmatteiis@bbc.co.uk','mCoDK84Hg'),(1862,'sbrockmanit@hc360.com','7rdJRgbQvfLN'),(1863,'tdanilevichiu@disqus.com','yzGKDlAkwC5'),(1864,'ecapitanoiv@aboutads.info','GALWmoVR'),(1865,'nwolferiw@last.fm','3zJea9E6Jw'),(1866,'mmilingtonix@yandex.ru','yMScQUdTb'),(1867,'pgabalaiy@indiegogo.com','LmkNgPcrpf6'),(1868,'ewhateiz@rambler.ru','H0hvIfd'),(1869,'afergussonj0@wikimedia.org','qk3iyll'),(1870,'tewebankj1@google.de','VolTPR7w'),(1871,'nsercombej2@toplist.cz','TCBBBi'),(1872,'acreamerj3@lulu.com','fLFcyGAR'),(1873,'slambdinj4@digg.com','hYFOwpWUcm'),(1874,'mkiefj5@jugem.jp','6SpxzZ2obHOi'),(1875,'dchapplej6@clickbank.net','aDyhAtrW'),(1876,'jeloij7@instagram.com','Vyf411o4LcZ'),(1877,'acollinwoodj8@oakley.com','Oe6CmGV'),(1878,'sschutterj9@admin.ch','Q3Y6npeu'),(1879,'stucsellja@canalblog.com','sZtObScQigIu'),(1880,'farnoudjb@springer.com','mYxXPZZV6'),(1881,'anettleshipjc@webnode.com','tIRSuQ39xtHI'),(1882,'ejacobowitsjd@yolasite.com','iXowMR'),(1883,'kkennerje@issuu.com','fuUcuzcNjvo'),(1884,'akaasjf@simplemachines.org','D1fL0uvebk'),(1885,'pkingsleyjg@icio.us','SVV0E3il'),(1886,'gflewjh@businessinsider.com','17q8s8'),(1887,'rdyottji@guardian.co.uk','HgD19sPmRCF'),(1888,'kkieffjj@t.co','HaEowDSghWm'),(1889,'fhebblewaitejk@epa.gov','3w2GWNQAQUj'),(1890,'rubsdelljl@slideshare.net','Pf6oQdffWRS'),(1891,'slorrowayjm@irs.gov','b8d0bSe3'),(1892,'oschofieldjn@bigcartel.com','BUYRlK2xy'),(1893,'tbattisonjo@histats.com','6C2837KPRmiQ'),(1894,'edurantjp@biblegateway.com','IhBQUlMAVCH'),(1895,'pwickjq@house.gov','HkWH5ImX1'),(1896,'dhapgoodjr@stumbleupon.com','TVHYlYl'),(1897,'dbuschjs@microsoft.com','w6kef8ALhJ'),(1898,'srosgenjt@google.com.au','Id9hJ13Zcs'),(1899,'drostonju@cocolog-nifty.com','UJNbaK4jNE'),(1900,'csherwilljv@admin.ch','xKbiFqlEI'),(1901,'bburthomjw@wisc.edu','ziizlFpb'),(1902,'jgundreyjx@taobao.com','Z1z31ZZz4'),(1903,'fspacyjy@oaic.gov.au','QndlQG28DT'),(1904,'nelnerjz@diigo.com','BK5Plo5dhck'),(1905,'npeplowk0@fema.gov','5HsWEPoNl'),(1906,'flandisk1@businessinsider.com','1VaK5VR3TBpF'),(1907,'fhullek2@over-blog.com','aqIjPufQaUYK'),(1908,'plasslettk3@twitpic.com','73nwyZaAh'),(1909,'mgamonk4@stumbleupon.com','Sug16I584pX'),(1910,'bcallendark5@craigslist.org','mJ0Ks6I8W9'),(1911,'kgangek6@pinterest.com','uvWjlBZ0SLd'),(1912,'tjoustk7@ihg.com','kKgrai'),(1913,'lremnantk8@unblog.fr','MNpOl8s7MHp'),(1914,'lkirimaak9@1688.com','67KXli'),(1915,'sadamovka@weebly.com','FuyCa7yfkmvD'),(1916,'gskyramkb@va.gov','BKsdAVc1q'),(1917,'olabonekc@tmall.com','yKFNKJ2BDz7'),(1918,'tellisskd@msu.edu','pYRmBHDB'),(1919,'tscallonke@seattletimes.com','lXStQc'),(1920,'nlodgekf@a8.net','z6kW1U'),(1921,'tnisotkg@ezinearticles.com','qQwWTaRIRUK'),(1922,'strautkh@diigo.com','npVMFyLK'),(1923,'dbatonki@smugmug.com','iBrTpocGh'),(1924,'ckeaseykj@mozilla.com','DtsNAK0Yb'),(1925,'nbeatsonkk@ebay.com','yMECr6pSQ9h'),(1926,'mbaggallykl@chronoengine.com','rHBkynywdbI'),(1927,'craspkm@typepad.com','CPttzXms'),(1928,'taulettakn@cocolog-nifty.com','XWu2QTMpD'),(1929,'nbassickko@icq.com','2LKW72T1kfF'),(1930,'kgilchrestkp@google.com.hk','decOI7ji'),(1931,'crubenfeldkq@dedecms.com','wtbj90vJEZWu'),(1932,'yleariekr@mail.ru','LutufGC'),(1933,'amcadamks@indiegogo.com','w2AeXe'),(1934,'sfrankemakt@telegraph.co.uk','X9GqwQs'),(1935,'cranyellku@google.de','guNgsJ6m'),(1936,'sfridlingtonkv@issuu.com','fnU8cd'),(1937,'bbeckerskw@salon.com','1TRjgXfuTVR'),(1938,'nsendallkx@yelp.com','BVfIxrXwimT8'),(1939,'cwainky@amazon.co.uk','ibiBOgRPm5'),(1940,'thudelkz@odnoklassniki.ru','YvAj6D'),(1941,'amcgarriel0@state.tx.us','UUTfF8BsRxY'),(1942,'bfrobisherl1@google.ca','k4FVKZg'),(1943,'fbrookl2@unesco.org','d4NnGXANI'),(1944,'gbinesl3@wix.com','jvKU9CUO1'),(1945,'mleftleyl4@narod.ru','4Ga2su'),(1946,'hclinnickl5@addthis.com','YQWe6Lu'),(1947,'tmcalorenl6@mediafire.com','8ENgRvqhb'),(1948,'lkochll7@latimes.com','ERZQu8'),(1949,'rskittlesl8@berkeley.edu','NhWAuYLydI9U'),(1950,'vsavaagel9@51.la','pIYLf7FcZ'),(1951,'cfrantzenila@constantcontact.com','YkPIHBu'),(1952,'htamburilb@google.ca','jSm40G0qX'),(1953,'kspeechlylc@newsvine.com','bIQIajT'),(1954,'cborelld@disqus.com','6B1EAErUG'),(1955,'ahilaryle@yelp.com','9QTrEhlJkta8'),(1956,'calekhovlf@ft.com','VcvzlP3'),(1957,'bdanskenlg@yellowpages.com','iJR5gU'),(1958,'wdemorenalh@addtoany.com','kcHfebvp'),(1959,'apickoverli@senate.gov','ayB15sd'),(1960,'kbrockwaylj@spotify.com','X96ULC9Wqi'),(1961,'chansodlk@whitehouse.gov','KVDW6VlR3'),(1962,'lhackleyll@timesonline.co.uk','Ud2wBNSvdB'),(1963,'tgroobylm@jiathis.com','ve6MgpNXB2h'),(1964,'fealesln@google.com.hk','g3lj4S2'),(1965,'fmorcombelo@php.net','U9YwLDG2hj08'),(1966,'gmarrislp@narod.ru','eyfoHrGhM2B'),(1967,'rbittertonlq@flavors.me','r7NOBWn'),(1968,'wfeldhammerlr@blog.com','5Ku1Lb'),(1969,'pkivitsls@biblegateway.com','QR8zJsM'),(1970,'mcookleylt@youtube.com','XWOgE5N'),(1971,'rspadazzilu@google.fr','4RBQydqCqWy7'),(1972,'dtaddlv@pcworld.com','91bcUoaGFvjC'),(1973,'fmelleylw@ifeng.com','05ypUBF'),(1974,'ecarwithimlx@slideshare.net','27i7ZKN'),(1975,'glafuentely@ameblo.jp','09p72BUxdBS'),(1976,'mcarncrosslz@google.cn','KuliBf'),(1977,'jmaccawleym0@hibu.com','D6M5eShWccx'),(1978,'icardowm1@booking.com','vuAs3LOtZ0'),(1979,'rroafm2@tripadvisor.com','SWcFPl'),(1980,'scabedom3@usa.gov','595gvDIMf5'),(1981,'rsimeonsm4@theguardian.com','twSb6UhcYk'),(1982,'bericssenm5@amazon.co.uk','7M5QBs8N'),(1983,'gmorenom6@moonfruit.com','dVgFtqVv490'),(1984,'lhurdidgem7@usa.gov','GDf54o'),(1985,'palbertsm8@reverbnation.com','eDdtnb1r'),(1986,'godaym9@reuters.com','zSBuwTtBIv3s'),(1987,'ocastillonma@marketwatch.com','kDkbi0bS8a9t'),(1988,'sronaynemb@usa.gov','RLSkKwj7'),(1989,'mklementzmc@sakura.ne.jp','dFCzAe'),(1990,'bmcorkillmd@photobucket.com','6VHiGmDh'),(1991,'pbrasierme@google.com.au','8FnXp6m'),(1992,'mblaycockmf@list-manage.com','czdBxH'),(1993,'bgiottomg@cnet.com','SOwm5pjqwzl'),(1994,'sblayneymh@addtoany.com','09GJUF'),(1995,'bhalfacreemi@answers.com','hGXC5Wb'),(1996,'dsmalridgemj@timesonline.co.uk','q7GYdm4lFs'),(1997,'dcolombiermk@1688.com','ssRxoVAi'),(1998,'kdelleschiml@fc2.com','jsnwsCOxkck1'),(1999,'iporkermm@businesswire.com','cajCbTS'),(2000,'pliverseegemn@skype.com','FtE9DQ6'),(2001,'hvillamo@tinypic.com','7sDcUOwF'),(2002,'lantushevmp@noaa.gov','4bYUbXnGlga2'),(2003,'acapsmq@trellian.com','Oin7SMqzi4B'),(2004,'wdubblemr@arizona.edu','reXVbCpo'),(2005,'arosenauerms@cisco.com','UVx2xLnbw7'),(2006,'odyersonmt@histats.com','2jnPLf4'),(2007,'estockermu@narod.ru','xLA9R8R'),(2008,'bpettengellmv@imageshack.us','OulFZ8Fv6'),(2009,'pdalmonmw@example.com','UIBXSg7x'),(2010,'hclissmx@tinyurl.com','OJ8TTtMbe2U'),(2011,'ljosephovmy@stumbleupon.com','O3eHKXLm4gcW'),(2012,'rtreffrymz@hatena.ne.jp','1ShG3n5Yj'),(2013,'rovern0@redcross.org','JYexPhZmn'),(2014,'dstreatleyn1@naver.com','TBf9yOIMm'),(2015,'aantosikn2@salon.com','Jn38bb'),(2016,'jkernermannn3@noaa.gov','tMdU4317JER'),(2017,'zshreeven4@nature.com','L80mcFNm'),(2018,'mbreadmoren5@odnoklassniki.ru','p4HiVGOtpA7k'),(2019,'hmoylesn6@ycombinator.com','3kKIuT8jmHon'),(2020,'fleechn7@wisc.edu','lCDjHFZr'),(2021,'rbahiken8@telegraph.co.uk','qPmahUtF1'),(2022,'mwardn9@1und1.de','d7NmRtuvC'),(2023,'mspoolena@who.int','yEqTsuzU37'),(2024,'tagiusnb@4shared.com','MX8tLGo'),(2025,'zleyninyenc@lulu.com','92NNKKPDU1A'),(2026,'mleidennd@tinyurl.com','pwOG2JVTc0'),(2027,'vaustickne@unicef.org','darTRrvfhuU'),(2028,'jseaversnf@who.int','dNkvMJt7'),(2029,'sbulleynng@google.ca','EH3V8Pn'),(2030,'jnaisbitnh@deliciousdays.com','JnjfE6zvYI0'),(2031,'dholbyni@exblog.jp','nqmysvzAt'),(2032,'zclemesnj@mapquest.com','sg9WGeFr'),(2033,'khastnk@ask.com','7qEt0UtVtb'),(2034,'tobeynl@goo.ne.jp','CZLrBraiphx4'),(2035,'rmarqueznm@nytimes.com','wpRmsReofVHy'),(2036,'ndreschlernn@earthlink.net','tnUOOaijL'),(2037,'tscaddonno@bloglines.com','jmAFUj'),(2038,'eolekhovnp@sfgate.com','WQoDLBMBtaJ'),(2039,'calenovnq@squarespace.com','5t5KRg'),(2040,'bsorbienr@free.fr','8Wfab6Txh'),(2041,'nduguens@symantec.com','7ZUisntWZL'),(2042,'gbushillnt@pagesperso-orange.fr','zrkIoomXF7'),(2043,'mdecayettenu@canalblog.com','a2w4vtY'),(2044,'ymacgaughienv@accuweather.com','BmKqm5doU'),(2045,'rtuxwellnw@canalblog.com','LwUR40Q'),(2046,'mbakewellnx@github.com','VIlnwU'),(2047,'helstowny@etsy.com','hCZw2dYT6'),(2048,'jblydenz@hao123.com','sIb54i'),(2049,'scaeno0@de.vu','qTZNY1yftXg'),(2050,'lmatthewo1@artisteer.com','BVxoow8Rn2A'),(2051,'ddurdeno2@angelfire.com','A1GKbCWEwk'),(2052,'fvicko3@fda.gov','WVlkHjn5I'),(2053,'pbenitezo4@aol.com','J8j3mCAtQ8'),(2054,'lboldeckeo5@infoseek.co.jp','05TL5o'),(2055,'rwakerleyo6@reuters.com','bLkYLYOidjMU'),(2056,'mollero7@icio.us','LVqzVV8ckby'),(2057,'bdowsono8@about.me','JY2ZRSR9ZEht'),(2058,'rdionisettoo9@squidoo.com','cCVxOT'),(2059,'eaberdeinoa@rediff.com','QnU4YZezo'),(2060,'dessamob@nps.gov','www4Brs0v'),(2061,'osiemianowiczoc@gravatar.com','yQcz7HEgVE'),(2062,'sprayod@ca.gov','lpqyPKTvLXDw'),(2063,'ghandleyoe@imgur.com','AMScuRYOA'),(2064,'estowellof@cnbc.com','BvFnocki'),(2065,'amcgiffinog@wikia.com','TjE0XWD3KaLm'),(2066,'lsainsberryoh@vimeo.com','EqamnZef5AJL'),(2067,'jgabbatoi@kickstarter.com','u7oLUUjZGIHw'),(2068,'lstollhoferoj@ifeng.com','fdyrrwe9yot'),(2069,'cjurzykok@state.gov','deWKZo'),(2070,'kwalaronol@alibaba.com','kTvfb9p'),(2071,'asilkstoneom@hostgator.com','odc66PwLY'),(2072,'moxxon@cnbc.com','hN9XObxt'),(2073,'jnoeloo@ezinearticles.com','3OT03TpO'),(2074,'akollaschekop@blogger.com','ZEclxIwNTwSi'),(2075,'ioselandoq@4shared.com','j0PCKzF'),(2076,'afilderyor@vimeo.com','xHbIQ8'),(2077,'cmanganos@shinystat.com','Fu49Nk'),(2078,'mduddridgeot@w3.org','waIaTOoc2K'),(2079,'fklosterou@paginegialle.it','bU7yewNPIPB'),(2080,'cgaleov@etsy.com','CiGfbc'),(2081,'bkenderow@multiply.com','4Rx5kDNIrdL'),(2082,'cfrancklynox@trellian.com','CtsTNv'),(2083,'pmckimmoy@canalblog.com','KckygZlNAUrr'),(2084,'ianthonyoz@ft.com','i2Gspr91BT'),(2085,'wkilfordp0@bluehost.com','8fHN5NlLR'),(2086,'rasplinp1@unc.edu','22I11iF'),(2087,'omcgallp2@sourceforge.net','yHX2eQSXqT'),(2088,'ecruftsp3@msu.edu','ZKPuPI'),(2089,'hcapaldip4@nature.com','lZuiPmLkzKs'),(2090,'aaitchisonp5@slashdot.org','FdfgXk'),(2091,'zsweatmanp6@goo.gl','247S2BKXX'),(2092,'kpeagrimp7@usda.gov','TbgkeNO'),(2093,'besleyp8@xing.com','RJLmLS93'),(2094,'aroskrugp9@privacy.gov.au','Uax7wrxYzsA'),(2095,'kmaudettpa@chron.com','aIBvFq0PYMW'),(2096,'amossmanpb@ftc.gov','C2exbbESa5o'),(2097,'owhitnellpc@cpanel.net','q72D7yFxMk'),(2098,'sbuzinepd@shareasale.com','cyYPwfi2UqSy'),(2099,'rhackletonpe@loc.gov','Ys4XFaMlU'),(2100,'dmatasovpf@newyorker.com','tQ8UEmtE'),(2101,'vsandercockpg@github.io','jTIIvx'),(2102,'bmaylourph@sciencedirect.com','DwKWPvhNYUyG'),(2103,'rakittpi@squidoo.com','wvb6QVp'),(2104,'rsyddiepj@about.me','89df6DI'),(2105,'pmorinpk@blogger.com','FUrejCiyKZ'),(2106,'nlevingepl@smugmug.com','cTcLaWVU1I'),(2107,'lrawnsleypm@hexun.com','KdURA8Pb'),(2108,'bmaclucaispn@github.com','4HOTjnG29'),(2109,'smccourtiepo@google.co.jp','7CgehT'),(2110,'cpraterpp@tumblr.com','CGTAKrB6qQt'),(2111,'claffordpq@answers.com','BGt7nCOd3A'),(2112,'fmckerleypr@bravesites.com','kZcvwZ'),(2113,'rbrunps@who.int','jGX9oDcjnl2'),(2114,'cmcclintonpt@facebook.com','4ErmHVZ3Mk'),(2115,'fwestfieldpu@google.de','243ht0H'),(2116,'rguitepv@dedecms.com','nkJCmg'),(2117,'kmcalinionpw@eventbrite.com','G7SOBYnN6Y71'),(2118,'npinnigerpx@tripod.com','U4Vss5hJQCCo'),(2119,'rdunphiepy@marketwatch.com','AwRDhs1'),(2120,'abrightwellpz@twitpic.com','saiXBMi'),(2121,'mrylettq0@so-net.ne.jp','KoDowhTy'),(2122,'speevorq1@apache.org','uhAqLudnzy'),(2123,'cleapq2@kickstarter.com','EKH2LkLQ998'),(2124,'mkopferq3@omniture.com','ixUGGYi42'),(2125,'mstockleq4@mozilla.com','dqTY8vVIg2bF'),(2126,'gcudbertsonq5@parallels.com','ohmtdd8ms'),(2127,'jdjekovicq6@baidu.com','SjSZNf'),(2128,'dtightq7@examiner.com','GDlasB'),(2129,'myablsleyq8@skype.com','Sp9PdZ'),(2130,'tgierq9@ucsd.edu','xKfNBYB7u'),(2131,'cendricciqa@miitbeian.gov.cn','PvXbZ7nBYy'),(2132,'dfiloniereqb@princeton.edu','gDNxtL'),(2133,'nklieslqc@google.co.uk','GQ7LxFAgBHr'),(2134,'aaizlewoodqd@google.com.hk','OKbxZkkFoJs'),(2135,'hjamesqe@jalbum.net','Y1XStqDvL3'),(2136,'draglessqf@hugedomains.com','aJeHCwFr8pK7'),(2137,'eweatherbyqg@dot.gov','8kmhEaKmw'),(2138,'nwingroveqh@dagondesign.com','WsutDMFnBld'),(2139,'ludellqi@engadget.com','P7dd6rm'),(2140,'eknowlmanqj@hhs.gov','Ja4UsXVulT'),(2141,'nmeldingqk@ucoz.ru','O7On3RsJFJ'),(2142,'htwistql@ow.ly','QhEVxBNY'),(2143,'rclarageqm@arstechnica.com','KB4vukGgvcd'),(2144,'ajahnelqn@apple.com','Zmc3qhk6r9'),(2145,'pomandqo@hibu.com','ZXAdMTYHBy'),(2146,'adurradqp@weather.com','p9BGZR'),(2147,'jdobellqq@xing.com','agZocjz'),(2148,'dcottisfordqr@addtoany.com','K5G8gJq'),(2149,'seliasqs@zdnet.com','gUJUzHAk6v5'),(2150,'jprimroseqt@hostgator.com','Pve5N38'),(2151,'khandasydequ@dion.ne.jp','MUZEo6'),(2152,'tbullmanqv@yahoo.com','N84M4NEEbNr'),(2153,'bbarszczewskiqw@ustream.tv','DH4pEIOOWS9'),(2154,'clonnonqx@nature.com','DGeLxc'),(2155,'hlaxonqy@multiply.com','5ir9ZTO'),(2156,'apoynterqz@posterous.com','loJr7ZM'),(2157,'scasollar0@businessweek.com','aTlVFjrC'),(2158,'cpenkr1@google.ca','04ognN'),(2159,'srobker2@simplemachines.org','sxVdSTfa'),(2160,'bbancroftr3@youku.com','Yk5m6o3prK'),(2161,'nstripplingr4@acquirethisname.com','KURr2axm7'),(2162,'pmccreer5@pcworld.com','jXmo1G'),(2163,'ckenealyr6@multiply.com','SjSK0mC8n4'),(2164,'tsteerer7@netvibes.com','MwDiCgUwauC'),(2165,'sfodenr8@wired.com','q8v4z7b3S'),(2166,'vlanchberyr9@indiatimes.com','XhNMnkwsh0h'),(2167,'hgascardra@japanpost.jp','B3plgQMd'),(2168,'hdossitrb@google.cn','IMOVOA6'),(2169,'bchetterrc@bloomberg.com','K4UYBf5kEQD'),(2170,'galtreerd@alibaba.com','mH42sKkYWya'),(2171,'ldustingre@sciencedaily.com','99rZ3jsLv'),(2172,'klambertirf@redcross.org','peIMmQMMW09M'),(2173,'mregitzrg@discuz.net','4HakZFl'),(2174,'pneesamrh@pbs.org','JPnx8zzkgZr'),(2175,'oanthonyri@ycombinator.com','82YqEgoFJ'),(2176,'ckeasleyrj@mapy.cz','6sSZnZJhR22'),(2177,'bbasantrk@google.com.br','4mlA0gvcNhZ'),(2178,'kfryerl@multiply.com','7KiEc4PO'),(2179,'cgarradrm@cnn.com','DLezOe'),(2180,'npinsentrn@trellian.com','mAsIwv3JU'),(2181,'jpeironero@indiegogo.com','UzGp2Mx'),(2182,'llindenstraussrp@twitter.com','0vChpsp1AzoJ'),(2183,'awildberrq@imgur.com','sZjaafsU'),(2184,'kbenesrr@google.com.hk','TMwq9LijrVs'),(2185,'xkfcxdylov@hotmail.com','$2a$10$v/TQni/NB2mRLZTnx1Cyrezbef6NUnJqL/q/O7qz.Uu0VUfk8EIT2');
/*!40000 ALTER TABLE `account` ENABLE KEYS */;
UNLOCK TABLES;

--
-- Table structure for table `account_role`
--

DROP TABLE IF EXISTS `account_role`;
/*!40101 SET @saved_cs_client     = @@character_set_client */;
/*!40101 SET character_set_client = utf8 */;
CREATE TABLE `account_role` (
  `fk_account` int(11) NOT NULL,
  `fk_role` int(11) NOT NULL,
  PRIMARY KEY (`fk_account`,`fk_role`),
  KEY `fk_account_has_role_role1_idx` (`fk_role`),
  KEY `fk_account_has_role_account1_idx` (`fk_account`),
  KEY `AccountRoleFKAccount` (`fk_account`),
  KEY `AccountRoleFKRole` (`fk_role`),
  CONSTRAINT `fk_account_has_role_account1` FOREIGN KEY (`fk_account`) REFERENCES `account` (`id`) ON DELETE NO ACTION ON UPDATE NO ACTION,
  CONSTRAINT `fk_account_has_role_role1` FOREIGN KEY (`fk_role`) REFERENCES `role` (`id`) ON DELETE CASCADE ON UPDATE NO ACTION
) ENGINE=InnoDB DEFAULT CHARSET=utf8;
/*!40101 SET character_set_client = @saved_cs_client */;

--
-- Dumping data for table `account_role`
--

LOCK TABLES `account_role` WRITE;
/*!40000 ALTER TABLE `account_role` DISABLE KEYS */;
INSERT INTO `account_role` VALUES (1,1),(2,1),(3,1),(1746,1),(2,3),(17,3),(18,3),(19,3),(86,3),(87,3),(88,3),(89,3),(90,3),(91,3),(93,3),(94,3),(2185,3),(3,4),(84,4),(85,4),(92,4),(1,5),(1746,5);
/*!40000 ALTER TABLE `account_role` ENABLE KEYS */;
UNLOCK TABLES;

--
-- Table structure for table `assessment`
--

DROP TABLE IF EXISTS `assessment`;
/*!40101 SET @saved_cs_client     = @@character_set_client */;
/*!40101 SET character_set_client = utf8 */;
CREATE TABLE `assessment` (
  `id` int(11) NOT NULL AUTO_INCREMENT,
  `date` date NOT NULL,
  `approved` int(11) NOT NULL DEFAULT '0',
  `qvi_score` int(11) DEFAULT NULL,
  `fk_company` int(11) NOT NULL,
  PRIMARY KEY (`id`),
  KEY `fk_assessment_company1_idx` (`fk_company`),
  CONSTRAINT `fk_assessment_company1` FOREIGN KEY (`fk_company`) REFERENCES `company` (`id`) ON DELETE CASCADE ON UPDATE NO ACTION
) ENGINE=InnoDB AUTO_INCREMENT=38 DEFAULT CHARSET=utf8;
/*!40101 SET character_set_client = @saved_cs_client */;

--
-- Dumping data for table `assessment`
--

LOCK TABLES `assessment` WRITE;
/*!40000 ALTER TABLE `assessment` DISABLE KEYS */;
/*!40000 ALTER TABLE `assessment` ENABLE KEYS */;
UNLOCK TABLES;
/*!50003 SET @saved_cs_client      = @@character_set_client */ ;
/*!50003 SET @saved_cs_results     = @@character_set_results */ ;
/*!50003 SET @saved_col_connection = @@collation_connection */ ;
/*!50003 SET character_set_client  = utf8 */ ;
/*!50003 SET character_set_results = utf8 */ ;
/*!50003 SET collation_connection  = utf8_general_ci */ ;
/*!50003 SET @saved_sql_mode       = @@sql_mode */ ;
/*!50003 SET sql_mode              = 'STRICT_TRANS_TABLES,STRICT_ALL_TABLES,NO_ZERO_IN_DATE,NO_ZERO_DATE,ALLOW_INVALID_DATES,ERROR_FOR_DIVISION_BY_ZERO,TRADITIONAL,NO_AUTO_CREATE_USER,NO_ENGINE_SUBSTITUTION' */ ;
DELIMITER ;;
/*!50003 CREATE*/ /*!50017 DEFINER=`root`@`localhost`*/ /*!50003 TRIGGER `evolve`.`CreateResultsForAssessment`
AFTER INSERT ON `evolve`.`assessment`
FOR EACH ROW
BEGIN

#Settings variables
DECLARE module1 INT;
DECLARE module2 INT;
DECLARE module3 INT;
DECLARE module4 INT;
DECLARE module5 INT;

DECLARE avg1 INT;
DECLARE avg2 INT;
DECLARE avg3 INT;
DECLARE avg4 INT;
DECLARE avg5 INT;

#Settings variables with functions
SET module1 = GetModuleByIdAndCompany(1, new.fk_company);
SET module2 = GetModuleByIdAndCompany(2, new.fk_company);
SET module3 = GetModuleByIdAndCompany(3, new.fk_company);
SET module4 = GetModuleByIdAndCompany(4, new.fk_company);
SET module5 = GetModuleByIdAndCompany(5, new.fk_company);

SET avg1 = GetAverageOfScores(NEW.id, module1);
SET avg2 = GetAverageOfScores(NEW.id, module2);
SET avg3 = GetAverageOfScores(NEW.id, module3);
SET avg4 = GetAverageOfScores(NEW.id, module4);
SET avg5 = GetAverageOfScores(NEW.id, module5);

#Applying the data to the results table
INSERT INTO result (fk_assessment, fk_module, score, fk_company) VALUES (NEW.id, module1, avg1, NEW.fk_company);
INSERT INTO result (fk_assessment, fk_module, score, fk_company) VALUES (NEW.id, module2, avg2, NEW.fk_company);
INSERT INTO result (fk_assessment, fk_module, score, fk_company) VALUES (NEW.id, module3, avg3, NEW.fk_company);
INSERT INTO result (fk_assessment, fk_module, score, fk_company) VALUES (NEW.id, module4, avg4, NEW.fk_company);
INSERT INTO result (fk_assessment, fk_module, score, fk_company) VALUES (NEW.id, module5, avg5, NEW.fk_company);

END */;;
DELIMITER ;
/*!50003 SET sql_mode              = @saved_sql_mode */ ;
/*!50003 SET character_set_client  = @saved_cs_client */ ;
/*!50003 SET character_set_results = @saved_cs_results */ ;
/*!50003 SET collation_connection  = @saved_col_connection */ ;

--
-- Table structure for table `assessor`
--

DROP TABLE IF EXISTS `assessor`;
/*!40101 SET @saved_cs_client     = @@character_set_client */;
/*!40101 SET character_set_client = utf8 */;
CREATE TABLE `assessor` (
  `id` int(11) NOT NULL AUTO_INCREMENT,
  `name` varchar(45) NOT NULL,
  `fk_account` int(11) NOT NULL,
  PRIMARY KEY (`id`),
  KEY `fk_assessor_account1_idx` (`fk_account`),
  CONSTRAINT `fk_assessor_account1` FOREIGN KEY (`fk_account`) REFERENCES `account` (`id`) ON DELETE CASCADE ON UPDATE NO ACTION
) ENGINE=InnoDB AUTO_INCREMENT=2 DEFAULT CHARSET=utf8;
/*!40101 SET character_set_client = @saved_cs_client */;

--
-- Dumping data for table `assessor`
--

LOCK TABLES `assessor` WRITE;
/*!40000 ALTER TABLE `assessor` DISABLE KEYS */;
INSERT INTO `assessor` VALUES (1,'Bob Ross',1);
/*!40000 ALTER TABLE `assessor` ENABLE KEYS */;
UNLOCK TABLES;

--
-- Table structure for table `company`
--

DROP TABLE IF EXISTS `company`;
/*!40101 SET @saved_cs_client     = @@character_set_client */;
/*!40101 SET character_set_client = utf8 */;
CREATE TABLE `company` (
  `id` int(11) NOT NULL AUTO_INCREMENT,
  `name` varchar(45) NOT NULL,
  `fk_assessor` int(11) DEFAULT NULL,
  `fk_account` int(11) NOT NULL,
  PRIMARY KEY (`id`),
  KEY `fk_company_assessor1_idx` (`fk_assessor`),
  KEY `fk_company_account1_idx` (`fk_account`),
  CONSTRAINT `fk_company_account1` FOREIGN KEY (`fk_account`) REFERENCES `account` (`id`) ON DELETE NO ACTION ON UPDATE NO ACTION,
  CONSTRAINT `fk_company_assessor1` FOREIGN KEY (`fk_assessor`) REFERENCES `assessor` (`id`) ON DELETE CASCADE ON UPDATE NO ACTION
) ENGINE=InnoDB AUTO_INCREMENT=15 DEFAULT CHARSET=utf8;
/*!40101 SET character_set_client = @saved_cs_client */;

--
-- Dumping data for table `company`
--

LOCK TABLES `company` WRITE;
/*!40000 ALTER TABLE `company` DISABLE KEYS */;
INSERT INTO `company` VALUES (1,'Halifax',1,2),(3,'Asda',1,17),(4,'Supra',1,18),(5,'Supra',1,19),(6,'pol',1,86),(7,'umiuabzdcd',1,89),(8,'ibwhmsmuyp',1,88),(9,'mqwbheaije',1,87),(10,'jaigymhdtg',1,90),(11,'phpifsagdn',1,91),(12,'jewgfircqv',1,93),(13,'hvjzqjtsad',1,94),(14,'kauxybhjsv',1,2185);
/*!40000 ALTER TABLE `company` ENABLE KEYS */;
UNLOCK TABLES;
/*!50003 SET @saved_cs_client      = @@character_set_client */ ;
/*!50003 SET @saved_cs_results     = @@character_set_results */ ;
/*!50003 SET @saved_col_connection = @@collation_connection */ ;
/*!50003 SET character_set_client  = utf8 */ ;
/*!50003 SET character_set_results = utf8 */ ;
/*!50003 SET collation_connection  = utf8_general_ci */ ;
/*!50003 SET @saved_sql_mode       = @@sql_mode */ ;
/*!50003 SET sql_mode              = 'STRICT_TRANS_TABLES,STRICT_ALL_TABLES,NO_ZERO_IN_DATE,NO_ZERO_DATE,ALLOW_INVALID_DATES,ERROR_FOR_DIVISION_BY_ZERO,TRADITIONAL,NO_AUTO_CREATE_USER,NO_ENGINE_SUBSTITUTION' */ ;
DELIMITER ;;
/*!50003 CREATE*/ /*!50017 DEFINER=`root`@`localhost`*/ /*!50003 TRIGGER `evolve`.`insertModulesForCompany`
AFTER INSERT ON `evolve`.`company`
FOR EACH ROW
BEGIN
INSERT INTO module (fk_company, fk_module) VALUES (NEW.id, 1);
INSERT INTO module (fk_company, fk_module) VALUES (NEW.id, 2);
INSERT INTO module (fk_company, fk_module) VALUES (NEW.id, 3);
INSERT INTO module (fk_company, fk_module) VALUES (NEW.id, 4);
INSERT INTO module (fk_company, fk_module) VALUES (NEW.id, 5);
END */;;
DELIMITER ;
/*!50003 SET sql_mode              = @saved_sql_mode */ ;
/*!50003 SET character_set_client  = @saved_cs_client */ ;
/*!50003 SET character_set_results = @saved_cs_results */ ;
/*!50003 SET collation_connection  = @saved_col_connection */ ;

--
-- Table structure for table `module`
--

DROP TABLE IF EXISTS `module`;
/*!40101 SET @saved_cs_client     = @@character_set_client */;
/*!40101 SET character_set_client = utf8 */;
CREATE TABLE `module` (
  `id` int(11) NOT NULL AUTO_INCREMENT,
  `fk_company` int(11) NOT NULL,
  `fk_module` int(11) NOT NULL,
  `deleted` int(11) NOT NULL DEFAULT '0',
  PRIMARY KEY (`id`),
  KEY `fk_module_company1_idx` (`fk_company`),
  KEY `fk_module_moduleType1_idx` (`fk_module`),
  CONSTRAINT `fk_module_company1` FOREIGN KEY (`fk_company`) REFERENCES `company` (`id`) ON DELETE NO ACTION ON UPDATE NO ACTION,
  CONSTRAINT `fk_module_moduleType1` FOREIGN KEY (`fk_module`) REFERENCES `moduletype` (`id`) ON DELETE CASCADE ON UPDATE NO ACTION
) ENGINE=InnoDB AUTO_INCREMENT=140 DEFAULT CHARSET=utf8;
/*!40101 SET character_set_client = @saved_cs_client */;

--
-- Dumping data for table `module`
--

LOCK TABLES `module` WRITE;
/*!40000 ALTER TABLE `module` DISABLE KEYS */;
INSERT INTO `module` VALUES (75,1,1,0),(76,1,2,0),(77,1,3,0),(78,1,4,1),(79,1,5,0),(80,3,1,0),(81,3,2,0),(82,3,3,0),(83,3,4,0),(84,3,5,0),(85,4,1,0),(86,4,2,0),(87,4,3,0),(88,4,4,0),(89,4,5,0),(90,5,1,0),(91,5,2,0),(92,5,3,0),(93,5,4,0),(94,5,5,0),(95,6,1,0),(96,6,2,1),(97,6,3,0),(98,6,4,0),(99,6,5,0),(100,7,1,0),(101,7,2,0),(102,7,3,0),(103,7,4,0),(104,7,5,0),(105,8,1,0),(106,8,2,0),(107,8,3,0),(108,8,4,0),(109,8,5,0),(110,9,1,0),(111,9,2,0),(112,9,3,0),(113,9,4,0),(114,9,5,0),(115,10,1,0),(116,10,2,0),(117,10,3,0),(118,10,4,0),(119,10,5,0),(120,11,1,0),(121,11,2,0),(122,11,3,0),(123,11,4,0),(124,11,5,0),(125,12,1,0),(126,12,2,0),(127,12,3,0),(128,12,4,0),(129,12,5,0),(130,13,1,0),(131,13,2,0),(132,13,3,0),(133,13,4,0),(134,13,5,0),(135,14,1,0),(136,14,2,0),(137,14,3,0),(138,14,4,0),(139,14,5,0);
/*!40000 ALTER TABLE `module` ENABLE KEYS */;
UNLOCK TABLES;

--
-- Table structure for table `moduletype`
--

DROP TABLE IF EXISTS `moduletype`;
/*!40101 SET @saved_cs_client     = @@character_set_client */;
/*!40101 SET character_set_client = utf8 */;
CREATE TABLE `moduletype` (
  `id` int(11) NOT NULL AUTO_INCREMENT,
  `name` varchar(45) NOT NULL,
  PRIMARY KEY (`id`)
) ENGINE=InnoDB AUTO_INCREMENT=6 DEFAULT CHARSET=utf8;
/*!40101 SET character_set_client = @saved_cs_client */;

--
-- Dumping data for table `moduletype`
--

LOCK TABLES `moduletype` WRITE;
/*!40000 ALTER TABLE `moduletype` DISABLE KEYS */;
INSERT INTO `moduletype` VALUES (1,'Clients'),(2,'People'),(3,'Value'),(4,'FM Excellence'),(5,'FM Standards');
/*!40000 ALTER TABLE `moduletype` ENABLE KEYS */;
UNLOCK TABLES;

--
-- Table structure for table `people`
--

DROP TABLE IF EXISTS `people`;
/*!40101 SET @saved_cs_client     = @@character_set_client */;
/*!40101 SET character_set_client = utf8 */;
CREATE TABLE `people` (
  `id` int(11) NOT NULL AUTO_INCREMENT,
  `first_name` varchar(45) NOT NULL,
  `last_name` varchar(45) NOT NULL,
  `fk_company` int(11) NOT NULL,
  `fk_account` int(11) NOT NULL,
  `fk_type` int(11) NOT NULL,
  PRIMARY KEY (`id`),
  KEY `fk_people_company_idx` (`fk_company`),
  KEY `fk_people_account1_idx` (`fk_account`),
  KEY `fk_people_people_type1_idx` (`fk_type`),
  CONSTRAINT `fk_people_account1` FOREIGN KEY (`fk_account`) REFERENCES `account` (`id`) ON DELETE CASCADE ON UPDATE NO ACTION,
  CONSTRAINT `fk_people_company` FOREIGN KEY (`fk_company`) REFERENCES `company` (`id`) ON DELETE CASCADE ON UPDATE NO ACTION,
  CONSTRAINT `fk_people_people_type1` FOREIGN KEY (`fk_type`) REFERENCES `people_type` (`id`) ON DELETE CASCADE ON UPDATE NO ACTION
) ENGINE=InnoDB AUTO_INCREMENT=69 DEFAULT CHARSET=utf8;
/*!40101 SET character_set_client = @saved_cs_client */;

--
-- Dumping data for table `people`
--

LOCK TABLES `people` WRITE;
/*!40000 ALTER TABLE `people` DISABLE KEYS */;
INSERT INTO `people` VALUES (1,'Oliver','Simon',1,3,1),(66,'Oliver','Simon',1,84,2),(67,'Oliver','Simon',1,85,1),(68,'Oliver','Simon',1,92,1);
/*!40000 ALTER TABLE `people` ENABLE KEYS */;
UNLOCK TABLES;

--
-- Table structure for table `people_type`
--

DROP TABLE IF EXISTS `people_type`;
/*!40101 SET @saved_cs_client     = @@character_set_client */;
/*!40101 SET character_set_client = utf8 */;
CREATE TABLE `people_type` (
  `id` int(11) NOT NULL AUTO_INCREMENT,
  `type` varchar(45) NOT NULL,
  PRIMARY KEY (`id`)
) ENGINE=InnoDB AUTO_INCREMENT=4 DEFAULT CHARSET=utf8;
/*!40101 SET character_set_client = @saved_cs_client */;

--
-- Dumping data for table `people_type`
--

LOCK TABLES `people_type` WRITE;
/*!40000 ALTER TABLE `people_type` DISABLE KEYS */;
INSERT INTO `people_type` VALUES (1,'Client'),(2,'Employee'),(3,'Manager');
/*!40000 ALTER TABLE `people_type` ENABLE KEYS */;
UNLOCK TABLES;

--
-- Table structure for table `questionnaire`
--

DROP TABLE IF EXISTS `questionnaire`;
/*!40101 SET @saved_cs_client     = @@character_set_client */;
/*!40101 SET character_set_client = utf8 */;
CREATE TABLE `questionnaire` (
  `id` int(11) NOT NULL AUTO_INCREMENT,
  `name` varchar(45) NOT NULL,
  `fk_module` int(11) NOT NULL,
  PRIMARY KEY (`id`),
  KEY `fk_questionnaire_moduleType1_idx` (`fk_module`),
  CONSTRAINT `fk_questionnaire_moduleType1` FOREIGN KEY (`fk_module`) REFERENCES `moduletype` (`id`) ON DELETE CASCADE ON UPDATE NO ACTION
) ENGINE=InnoDB AUTO_INCREMENT=6 DEFAULT CHARSET=utf8;
/*!40101 SET character_set_client = @saved_cs_client */;

--
-- Dumping data for table `questionnaire`
--

LOCK TABLES `questionnaire` WRITE;
/*!40000 ALTER TABLE `questionnaire` DISABLE KEYS */;
INSERT INTO `questionnaire` VALUES (1,'Clients',1),(2,'People',2),(3,'Value',3),(4,'FM Excellence',4),(5,'FM Standards',5);
/*!40000 ALTER TABLE `questionnaire` ENABLE KEYS */;
UNLOCK TABLES;

--
-- Table structure for table `questions`
--

DROP TABLE IF EXISTS `questions`;
/*!40101 SET @saved_cs_client     = @@character_set_client */;
/*!40101 SET character_set_client = utf8 */;
CREATE TABLE `questions` (
  `id` int(11) NOT NULL AUTO_INCREMENT,
  `question` varchar(400) NOT NULL,
  `fk_questionnaire` int(11) NOT NULL,
  PRIMARY KEY (`id`),
  KEY `fk_questions_questionnaire1_idx` (`fk_questionnaire`),
  CONSTRAINT `fk_questions_questionnaire1` FOREIGN KEY (`fk_questionnaire`) REFERENCES `questionnaire` (`id`) ON DELETE NO ACTION ON UPDATE NO ACTION
) ENGINE=InnoDB AUTO_INCREMENT=53 DEFAULT CHARSET=utf8;
/*!40101 SET character_set_client = @saved_cs_client */;

--
-- Dumping data for table `questions`
--

LOCK TABLES `questions` WRITE;
/*!40000 ALTER TABLE `questions` DISABLE KEYS */;
INSERT INTO `questions` VALUES (2,'Accessibility: Easily Contactable',1),(3,'Responsiveness: Telephone answered promptly',1),(4,'Responsiveness: Prompt response to correspondence',1),(5,'Responsiveness: Attending to the issue',1),(6,'Reliability: Communicate timescales',1),(7,'Reliability: Meet Agreed timescales',1),(8,'Reliability: Provision of right service',1),(9,'Competence: Demonstrable processes',1),(10,'Competence: Demonstrable well trained staff',1),(11,'Credibility: General confidence in behaviour and approach',1),(12,'Credibility: Honesty',1),(13,'Understanding: Demonstrate clear understanding of requirements',1),(14,'Understanding: Understanding needs and requirements',1),(15,'Understanding: Sympathetic to customer problems and contraints',1),(16,'Communication: Recieve regular progress reports',1),(17,'Communication: Explain the impact of works',1),(18,'Communication: Communicate in an understandable way',1),(19,'Communication: Listen to customer',1),(20,'Communication: Communicate on-going progress of works/jobs',1),(21,'Communication: Communicate job closure',1),(22,'Courtesy: Courteous staff',1),(23,'Courtesy: Helpful staff',1),(24,'Courtesy: Presentable staff',1),(25,'Facilities: Hygiene (Cleaning)',1),(26,'Facilities: Waste',1),(27,'Facilities: Security',1),(28,'Facilities: Catering and vending',1),(29,'Facilities: Maintenance',1),(30,'Facilities: Mailroom',1),(31,'Facilities: Help desk',1),(32,'I am familiar with the Job Description for the service that I am expected to deliver and my actual roles and responsibilities closely match this',2),(33,'A Personal Development Review process (staff appraisal) exists and occurs on a regular basis (12-monthly minimum)',2),(34,'My own PDR is fair and reasonable as are the objectives set',2),(35,'Training plans exist and these are updated on a regular basis. I am familiar with the TP and I am content with the level of training that I receive.',2),(36,'There is strong leadership and management of the service (including company briefings). It works well at all levels',2),(37,'I am aware of my Health & Safety and Environmental obligations',2),(38,'Clear work instructions and procedures exist and I can refer to them to carry out my work',2),(39,'In my opinion, the service(s) being delivered are to a high standard and the client is content with the level of service delivered',2),(40,'I receive regular feedback on my performance. Good performance is recognised',2),(41,'I am able to feedback my views and comments to the management team and these are considered accordingly',2),(42,'Innovation is encouraged from above and I am encouraged to propose innovative ideas. I am incentivised to work efficiently and offer innovative ideas',2),(43,'I am given sufficient time to carry out my role and perform my tasks as per my job specification',2),(44,'I am motivated, empowered and feel part of the team',2),(45,'I receive job satisfaction',2),(46,'Do you have a clear FM strategy for the FM services being delivered and how does this strategy ensure value?',4),(47,'Are all stakeholders aware of your Service delivery strategy? How is this communicated to all stakeholders?',4),(48,'How do you revise your standard policies to meet the requirements of the Clients policies concerning the FM services?',4),(49,'This is a new question',1),(50,'Hello12345',1),(51,'This is a new question',1),(52,'This is a new question',1);
/*!40000 ALTER TABLE `questions` ENABLE KEYS */;
UNLOCK TABLES;

--
-- Table structure for table `result`
--

DROP TABLE IF EXISTS `result`;
/*!40101 SET @saved_cs_client     = @@character_set_client */;
/*!40101 SET character_set_client = utf8 */;
CREATE TABLE `result` (
  `fk_assessment` int(11) NOT NULL,
  `fk_module` int(11) NOT NULL,
  `score` int(11) NOT NULL,
  `fk_company` int(11) DEFAULT NULL,
  PRIMARY KEY (`fk_assessment`,`fk_module`),
  KEY `fk_assessment_has_module_module1_idx` (`fk_module`),
  KEY `fk_assessment_has_module_assessment1_idx` (`fk_assessment`),
  CONSTRAINT `fk_assessment_has_module_assessment1` FOREIGN KEY (`fk_assessment`) REFERENCES `assessment` (`id`) ON DELETE NO ACTION ON UPDATE NO ACTION,
  CONSTRAINT `fk_assessment_has_module_module1` FOREIGN KEY (`fk_module`) REFERENCES `module` (`id`) ON DELETE NO ACTION ON UPDATE NO ACTION
) ENGINE=InnoDB DEFAULT CHARSET=utf8;
/*!40101 SET character_set_client = @saved_cs_client */;

--
-- Dumping data for table `result`
--

LOCK TABLES `result` WRITE;
/*!40000 ALTER TABLE `result` DISABLE KEYS */;
INSERT INTO `result` VALUES (36,75,73,1),(36,76,0,1),(36,77,0,1),(36,78,0,1),(36,79,0,1),(37,75,0,1),(37,76,0,1),(37,77,0,1),(37,78,0,1),(37,79,0,1),(38,75,0,1),(38,76,0,1),(38,77,0,1),(38,78,0,1),(38,79,0,1);
/*!40000 ALTER TABLE `result` ENABLE KEYS */;
UNLOCK TABLES;

--
-- Table structure for table `role`
--

DROP TABLE IF EXISTS `role`;
/*!40101 SET @saved_cs_client     = @@character_set_client */;
/*!40101 SET character_set_client = utf8 */;
CREATE TABLE `role` (
  `id` int(11) NOT NULL AUTO_INCREMENT,
  `role` varchar(45) NOT NULL,
  PRIMARY KEY (`id`)
) ENGINE=InnoDB AUTO_INCREMENT=6 DEFAULT CHARSET=utf8;
/*!40101 SET character_set_client = @saved_cs_client */;

--
-- Dumping data for table `role`
--

LOCK TABLES `role` WRITE;
/*!40000 ALTER TABLE `role` DISABLE KEYS */;
INSERT INTO `role` VALUES (1,'ROLE_ADMIN'),(2,'ROLE_USER'),(3,'ROLE_COMPANY'),(4,'ROLE_CUSTOMER'),(5,'ROLE_ASSESSOR');
/*!40000 ALTER TABLE `role` ENABLE KEYS */;
UNLOCK TABLES;

--
-- Table structure for table `scores`
--

DROP TABLE IF EXISTS `scores`;
/*!40101 SET @saved_cs_client     = @@character_set_client */;
/*!40101 SET character_set_client = utf8 */;
CREATE TABLE `scores` (
  `id` int(11) NOT NULL AUTO_INCREMENT,
  `score` varchar(45) NOT NULL,
  `comment` varchar(45) DEFAULT NULL,
  `fk_question` int(11) NOT NULL,
  `fk_module` int(11) NOT NULL,
  `fk_result` int(11) DEFAULT NULL,
  PRIMARY KEY (`id`),
  KEY `fk_scores_questions1_idx` (`fk_question`),
  KEY `fk_scores_module1_idx` (`fk_module`),
  CONSTRAINT `fk_scores_module1` FOREIGN KEY (`fk_module`) REFERENCES `module` (`id`) ON DELETE NO ACTION ON UPDATE NO ACTION,
  CONSTRAINT `fk_scores_questions1` FOREIGN KEY (`fk_question`) REFERENCES `questions` (`id`) ON DELETE CASCADE ON UPDATE NO ACTION
) ENGINE=InnoDB AUTO_INCREMENT=3655 DEFAULT CHARSET=utf8;
/*!40101 SET character_set_client = @saved_cs_client */;

--
-- Dumping data for table `scores`
--

LOCK TABLES `scores` WRITE;
/*!40000 ALTER TABLE `scores` DISABLE KEYS */;
INSERT INTO `scores` VALUES (71,'4',NULL,2,70,NULL),(72,'5','ckasdmckas',3,70,NULL),(74,'4',NULL,2,70,NULL),(75,'4',NULL,3,70,NULL),(76,'4',NULL,4,70,NULL),(77,'4',NULL,5,70,NULL),(78,'4',NULL,6,70,NULL),(79,'4',NULL,7,70,NULL),(80,'4',NULL,8,70,NULL),(81,'4',NULL,9,70,NULL),(82,'4',NULL,10,70,NULL),(83,'4',NULL,11,70,NULL),(84,'4',NULL,12,70,NULL),(85,'4',NULL,13,70,NULL),(86,'4',NULL,14,70,NULL),(87,'4',NULL,15,70,NULL),(88,'4',NULL,16,70,NULL),(89,'4',NULL,17,70,NULL),(90,'4',NULL,18,70,NULL),(91,'4',NULL,19,70,NULL),(92,'4',NULL,20,70,NULL),(93,'4',NULL,21,70,NULL),(94,'4',NULL,22,70,NULL),(95,'4',NULL,23,70,NULL),(96,'4',NULL,24,70,NULL),(97,'4',NULL,25,70,NULL),(98,'4',NULL,26,70,NULL),(99,'4',NULL,27,70,NULL),(100,'4',NULL,28,70,NULL),(101,'4',NULL,29,70,NULL),(102,'4',NULL,30,70,NULL),(103,'4',NULL,31,70,NULL),(105,'4',NULL,30,70,NULL),(106,'4',NULL,31,70,NULL),(109,'4',NULL,2,75,36),(110,'3',NULL,4,75,NULL),(111,'3',NULL,4,75,NULL),(112,'4',NULL,2,75,NULL),(113,'3',NULL,2,75,NULL),(114,'3',NULL,2,75,NULL),(115,'3',NULL,2,75,NULL),(116,'3',NULL,2,75,NULL),(117,'3',NULL,2,75,NULL),(118,'3',NULL,2,75,NULL),(119,'3',NULL,2,75,NULL),(120,'3',NULL,2,75,NULL),(121,'3',NULL,2,75,NULL),(122,'3',NULL,2,75,NULL),(123,'3',NULL,2,75,NULL),(124,'3',NULL,2,75,NULL),(125,'3',NULL,2,75,NULL),(126,'3',NULL,2,75,NULL),(127,'3',NULL,2,75,NULL),(128,'3',NULL,2,75,NULL),(129,'3',NULL,2,75,NULL),(130,'3',NULL,2,75,NULL),(131,'3',NULL,2,75,NULL),(132,'3',NULL,2,75,NULL),(133,'3',NULL,2,75,NULL),(134,'3',NULL,2,75,NULL),(135,'3',NULL,2,75,NULL),(136,'3',NULL,2,75,NULL),(137,'3',NULL,2,75,NULL),(138,'3',NULL,2,75,NULL),(139,'3',NULL,2,75,NULL),(140,'3',NULL,2,75,NULL),(141,'3',NULL,2,75,NULL),(142,'3',NULL,2,75,NULL),(143,'3',NULL,2,75,NULL),(144,'3',NULL,2,75,NULL),(145,'3',NULL,2,75,NULL),(146,'3',NULL,2,75,NULL),(147,'3',NULL,2,75,NULL),(148,'3',NULL,2,75,NULL),(149,'3',NULL,2,75,NULL),(150,'3',NULL,2,75,NULL),(151,'3',NULL,2,75,NULL),(152,'3',NULL,2,75,NULL),(153,'3',NULL,2,75,NULL),(154,'3',NULL,2,75,NULL),(155,'3',NULL,2,75,NULL),(156,'3',NULL,2,75,NULL),(157,'3',NULL,2,75,NULL),(158,'3',NULL,2,75,NULL),(159,'3',NULL,2,75,NULL),(160,'3',NULL,2,75,NULL),(161,'3',NULL,2,75,NULL),(162,'3',NULL,2,75,NULL),(163,'3',NULL,2,75,NULL),(164,'3',NULL,2,75,NULL),(165,'3',NULL,2,75,NULL),(166,'3',NULL,2,75,NULL),(167,'3',NULL,2,75,NULL),(168,'3',NULL,2,75,NULL),(169,'3',NULL,2,75,NULL),(170,'3',NULL,2,75,NULL),(171,'3',NULL,2,75,NULL),(172,'3',NULL,2,75,NULL),(173,'3',NULL,2,75,NULL),(174,'3',NULL,2,75,NULL),(175,'3',NULL,2,75,NULL),(176,'3',NULL,2,75,NULL),(177,'3',NULL,2,75,NULL),(178,'3',NULL,2,75,NULL),(179,'3',NULL,2,75,NULL),(180,'3',NULL,2,75,NULL),(181,'3',NULL,2,75,NULL),(182,'3',NULL,2,75,NULL),(183,'3',NULL,2,75,NULL),(184,'3',NULL,2,75,NULL),(185,'3',NULL,2,75,NULL),(186,'3',NULL,2,75,NULL),(187,'3',NULL,2,75,NULL),(188,'3',NULL,2,75,NULL),(189,'3',NULL,2,75,NULL),(190,'3',NULL,2,75,NULL),(191,'3',NULL,2,75,NULL),(192,'3',NULL,2,75,NULL),(193,'3',NULL,2,75,NULL),(194,'3',NULL,2,75,NULL),(195,'3',NULL,2,75,NULL),(196,'3',NULL,2,75,NULL),(197,'3',NULL,2,75,NULL),(198,'3',NULL,2,75,NULL),(199,'3',NULL,2,75,NULL),(200,'3',NULL,2,75,NULL),(201,'3',NULL,2,75,NULL),(202,'3',NULL,2,75,NULL),(203,'3',NULL,2,75,NULL),(204,'3',NULL,2,75,NULL),(205,'3',NULL,2,75,NULL),(206,'3',NULL,2,75,NULL),(207,'3',NULL,2,75,NULL),(208,'3',NULL,2,75,NULL),(209,'3',NULL,2,75,NULL),(210,'3',NULL,2,75,NULL),(211,'3',NULL,2,75,NULL),(212,'3',NULL,2,75,NULL),(213,'3',NULL,2,75,NULL),(214,'3',NULL,2,75,NULL),(215,'3',NULL,2,75,NULL),(216,'3',NULL,2,75,NULL),(217,'3',NULL,2,75,NULL),(218,'3',NULL,2,75,NULL),(219,'3',NULL,2,75,NULL),(220,'3',NULL,2,75,NULL),(221,'3',NULL,2,75,NULL),(222,'3',NULL,2,75,NULL),(223,'3',NULL,2,75,NULL),(224,'3',NULL,2,75,NULL),(225,'3',NULL,2,75,NULL),(226,'3',NULL,2,75,NULL),(227,'3',NULL,2,75,NULL),(228,'3',NULL,2,75,NULL),(229,'3',NULL,2,75,NULL),(230,'3',NULL,2,75,NULL),(231,'3',NULL,2,75,NULL),(232,'3',NULL,2,75,NULL),(233,'3',NULL,2,75,NULL),(234,'3',NULL,2,75,NULL),(235,'3',NULL,2,75,NULL),(236,'3',NULL,2,75,NULL),(237,'3',NULL,2,75,NULL),(238,'3',NULL,2,75,NULL),(239,'3',NULL,2,75,NULL),(240,'3',NULL,2,75,NULL),(241,'3',NULL,2,75,NULL),(242,'3',NULL,2,75,NULL),(243,'3',NULL,2,75,NULL),(244,'3',NULL,2,75,NULL),(245,'3',NULL,2,75,NULL),(246,'3',NULL,2,75,NULL),(247,'3',NULL,2,75,NULL),(248,'3',NULL,2,75,NULL),(249,'3',NULL,2,75,NULL),(250,'3',NULL,2,75,NULL),(251,'3',NULL,2,75,NULL),(252,'3',NULL,2,75,NULL),(253,'3',NULL,2,75,NULL),(254,'3',NULL,2,75,NULL),(255,'3',NULL,2,75,NULL),(256,'3',NULL,2,75,NULL),(257,'3',NULL,2,75,NULL),(258,'3',NULL,2,75,NULL),(259,'3',NULL,2,75,NULL),(260,'3',NULL,2,75,NULL),(261,'3',NULL,2,75,NULL),(262,'3',NULL,2,75,NULL),(263,'3',NULL,2,75,NULL),(264,'3',NULL,2,75,NULL),(265,'3',NULL,2,75,NULL),(266,'3',NULL,2,75,NULL),(267,'3',NULL,2,75,NULL),(268,'3',NULL,2,75,NULL),(269,'3',NULL,2,75,NULL),(270,'3',NULL,2,75,NULL),(271,'3',NULL,2,75,NULL),(272,'3',NULL,2,75,NULL),(273,'3',NULL,2,75,NULL),(274,'3',NULL,2,75,NULL),(275,'3',NULL,2,75,NULL),(276,'3',NULL,2,75,NULL),(277,'3',NULL,2,75,NULL),(278,'3',NULL,2,75,NULL),(279,'3',NULL,2,75,NULL),(280,'3',NULL,2,75,NULL),(281,'3',NULL,2,75,NULL),(282,'3',NULL,2,75,NULL),(283,'3',NULL,2,75,NULL),(284,'3',NULL,2,75,NULL),(285,'3',NULL,2,75,NULL),(286,'3',NULL,2,75,NULL),(287,'3',NULL,2,75,NULL),(288,'3',NULL,2,75,NULL),(289,'3',NULL,2,75,NULL),(290,'3',NULL,2,75,NULL),(291,'3',NULL,2,75,NULL),(292,'3',NULL,2,75,NULL),(293,'3',NULL,2,75,NULL),(294,'3',NULL,2,75,NULL),(295,'3',NULL,2,75,NULL),(296,'3',NULL,2,75,NULL),(297,'3',NULL,2,75,NULL),(298,'3',NULL,2,75,NULL),(299,'3',NULL,2,75,NULL),(300,'3',NULL,2,75,NULL),(301,'3',NULL,2,75,NULL),(302,'3',NULL,2,75,NULL),(303,'3',NULL,2,75,NULL),(304,'3',NULL,2,75,NULL),(305,'3',NULL,2,75,NULL),(306,'3',NULL,2,75,NULL),(307,'3',NULL,2,75,NULL),(308,'3',NULL,2,75,NULL),(309,'3',NULL,2,75,NULL),(310,'3',NULL,2,75,NULL),(311,'3',NULL,2,75,NULL),(312,'3',NULL,2,75,NULL),(313,'3',NULL,2,75,NULL),(314,'3',NULL,2,75,NULL),(315,'3',NULL,2,75,NULL),(316,'3',NULL,2,75,NULL),(317,'3',NULL,2,75,NULL),(318,'3',NULL,2,75,NULL),(319,'3',NULL,2,75,NULL),(320,'3',NULL,2,75,NULL),(321,'3',NULL,2,75,NULL),(322,'3',NULL,2,75,NULL),(323,'3',NULL,2,75,NULL),(324,'3',NULL,2,75,NULL),(325,'3',NULL,2,75,NULL),(326,'3',NULL,2,75,NULL),(327,'3',NULL,2,75,NULL),(328,'3',NULL,2,75,NULL),(329,'3',NULL,2,75,NULL),(330,'3',NULL,2,75,NULL),(331,'3',NULL,2,75,NULL),(332,'3',NULL,2,75,NULL),(333,'3',NULL,2,75,NULL),(334,'3',NULL,2,75,NULL),(335,'3',NULL,2,75,NULL),(336,'3',NULL,2,75,NULL),(337,'3',NULL,2,75,NULL),(338,'3',NULL,2,75,NULL),(339,'3',NULL,2,75,NULL),(340,'3',NULL,2,75,NULL),(341,'3',NULL,2,75,NULL),(342,'3',NULL,2,75,NULL),(343,'3',NULL,2,75,NULL),(344,'3',NULL,2,75,NULL),(345,'3',NULL,2,75,NULL),(346,'3',NULL,2,75,NULL),(347,'3',NULL,2,75,NULL),(348,'3',NULL,2,75,NULL),(349,'3',NULL,2,75,NULL),(350,'3',NULL,2,75,NULL),(351,'3',NULL,2,75,NULL),(352,'3',NULL,2,75,NULL),(353,'3',NULL,2,75,NULL),(354,'3',NULL,2,75,NULL),(355,'3',NULL,2,75,NULL),(356,'3',NULL,2,75,NULL),(357,'3',NULL,2,75,NULL),(358,'3',NULL,2,75,NULL),(359,'3',NULL,2,75,NULL),(360,'3',NULL,2,75,NULL),(361,'3',NULL,2,75,NULL),(362,'3',NULL,2,75,NULL),(363,'3',NULL,2,75,NULL),(364,'3',NULL,2,75,NULL),(365,'3',NULL,2,75,NULL),(366,'3',NULL,2,75,NULL),(367,'3',NULL,2,75,NULL),(368,'3',NULL,2,75,NULL),(369,'3',NULL,2,75,NULL),(370,'3',NULL,2,75,NULL),(371,'3',NULL,2,75,NULL),(372,'3',NULL,2,75,NULL),(373,'3',NULL,2,75,NULL),(374,'3',NULL,2,75,NULL),(375,'3',NULL,2,75,NULL),(376,'3',NULL,2,75,NULL),(377,'3',NULL,2,75,NULL),(378,'3',NULL,2,75,NULL),(379,'3',NULL,2,75,NULL),(380,'3',NULL,2,75,NULL),(381,'3',NULL,2,75,NULL),(382,'3',NULL,2,75,NULL),(383,'3',NULL,2,75,NULL),(384,'3',NULL,2,75,NULL),(385,'3',NULL,2,75,NULL),(386,'3',NULL,2,75,NULL),(387,'3',NULL,2,75,NULL),(388,'3',NULL,2,75,NULL),(389,'3',NULL,2,75,NULL),(390,'3',NULL,2,75,NULL),(391,'3',NULL,2,75,NULL),(392,'3',NULL,2,75,NULL),(393,'3',NULL,2,75,NULL),(394,'3',NULL,2,75,NULL),(395,'3',NULL,2,75,NULL),(396,'3',NULL,2,75,NULL),(397,'3',NULL,2,75,NULL),(398,'3',NULL,2,75,NULL),(399,'3',NULL,2,75,NULL),(400,'3',NULL,2,75,NULL),(401,'3',NULL,2,75,NULL),(402,'3',NULL,2,75,NULL),(403,'3',NULL,2,75,NULL),(404,'3',NULL,2,75,NULL),(405,'3',NULL,2,75,NULL),(406,'3',NULL,2,75,NULL),(407,'3',NULL,2,75,NULL),(408,'3',NULL,2,75,NULL),(409,'3',NULL,2,75,NULL),(410,'3',NULL,2,75,NULL),(411,'3',NULL,2,75,NULL),(412,'3',NULL,2,75,NULL),(413,'3',NULL,2,75,NULL),(414,'3',NULL,2,75,NULL),(415,'3',NULL,2,75,NULL),(416,'3',NULL,2,75,NULL),(417,'3',NULL,2,75,NULL),(418,'3',NULL,2,75,NULL),(419,'3',NULL,2,75,NULL),(420,'3',NULL,2,75,NULL),(421,'3',NULL,2,75,NULL),(422,'3',NULL,2,75,NULL),(423,'3',NULL,2,75,NULL),(424,'3',NULL,2,75,NULL),(425,'3',NULL,2,75,NULL),(426,'3',NULL,2,75,NULL),(427,'3',NULL,2,75,NULL),(428,'3',NULL,2,75,NULL),(429,'3',NULL,2,75,NULL),(430,'3',NULL,2,75,NULL),(431,'3',NULL,2,75,NULL),(432,'3',NULL,2,75,NULL),(433,'3',NULL,2,75,NULL),(434,'3',NULL,2,75,NULL),(435,'3',NULL,2,75,NULL),(436,'3',NULL,2,75,NULL),(437,'3',NULL,2,75,NULL),(438,'3',NULL,2,75,NULL),(439,'3',NULL,2,75,NULL),(440,'3',NULL,2,75,NULL),(441,'3',NULL,2,75,NULL),(442,'3',NULL,2,75,NULL),(443,'3',NULL,2,75,NULL),(444,'3',NULL,2,75,NULL),(445,'3',NULL,2,75,NULL),(446,'3',NULL,2,75,NULL),(447,'3',NULL,2,75,NULL),(448,'3',NULL,2,75,NULL),(449,'3',NULL,2,75,NULL),(450,'3',NULL,2,75,NULL),(451,'3',NULL,2,75,NULL),(452,'3',NULL,2,75,NULL),(453,'3',NULL,2,75,NULL),(454,'3',NULL,2,75,NULL),(455,'3',NULL,2,75,NULL),(456,'3',NULL,2,75,NULL),(457,'3',NULL,2,75,NULL),(458,'3',NULL,2,75,NULL),(459,'3',NULL,2,75,NULL),(460,'3',NULL,2,75,NULL),(461,'3',NULL,2,75,NULL),(462,'3',NULL,2,75,NULL),(463,'3',NULL,2,75,NULL),(464,'3',NULL,2,75,NULL),(465,'3',NULL,2,75,NULL),(466,'3',NULL,2,75,NULL),(467,'3',NULL,2,75,NULL),(468,'3',NULL,2,75,NULL),(469,'3',NULL,2,75,NULL),(470,'3',NULL,2,75,NULL),(471,'3',NULL,2,75,NULL),(472,'3',NULL,2,75,NULL),(473,'3',NULL,2,75,NULL),(474,'3',NULL,2,75,NULL),(475,'3',NULL,2,75,NULL),(476,'3',NULL,2,75,NULL),(477,'3',NULL,2,75,NULL),(478,'3',NULL,2,75,NULL),(479,'3',NULL,2,75,NULL),(480,'3',NULL,2,75,NULL),(481,'3',NULL,2,75,NULL),(482,'3',NULL,2,75,NULL),(483,'3',NULL,2,75,NULL),(484,'3',NULL,2,75,NULL),(485,'3',NULL,2,75,NULL),(486,'3',NULL,2,75,NULL),(487,'3',NULL,2,75,NULL),(488,'3',NULL,2,75,NULL),(489,'3',NULL,2,75,NULL),(490,'3',NULL,2,75,NULL),(491,'3',NULL,2,75,NULL),(492,'3',NULL,2,75,NULL),(493,'3',NULL,2,75,NULL),(494,'3',NULL,2,75,NULL),(495,'3',NULL,2,75,NULL),(496,'3',NULL,2,75,NULL),(497,'3',NULL,2,75,NULL),(498,'3',NULL,2,75,NULL),(499,'3',NULL,2,75,NULL),(500,'3',NULL,2,75,NULL),(501,'3',NULL,2,75,NULL),(502,'3',NULL,2,75,NULL),(503,'3',NULL,2,75,NULL),(504,'3',NULL,2,75,NULL),(505,'3',NULL,2,75,NULL),(506,'3',NULL,2,75,NULL),(507,'3',NULL,2,75,NULL),(508,'3',NULL,2,75,NULL),(509,'3',NULL,2,75,NULL),(510,'3',NULL,2,75,NULL),(511,'3',NULL,2,75,NULL),(512,'3',NULL,2,75,NULL),(513,'3',NULL,2,75,NULL),(514,'3',NULL,2,75,NULL),(515,'3',NULL,2,75,NULL),(516,'3',NULL,2,75,NULL),(517,'3',NULL,2,75,NULL),(518,'3',NULL,2,75,NULL),(519,'3',NULL,2,75,NULL),(520,'3',NULL,2,75,NULL),(521,'3',NULL,2,75,NULL),(522,'3',NULL,2,75,NULL),(523,'3',NULL,2,75,NULL),(524,'3',NULL,2,75,NULL),(525,'3',NULL,2,75,NULL),(526,'3',NULL,2,75,NULL),(527,'3',NULL,2,75,NULL),(528,'3',NULL,2,75,NULL),(529,'3',NULL,2,75,NULL),(530,'3',NULL,2,75,NULL),(531,'3',NULL,2,75,NULL),(532,'3',NULL,2,75,NULL),(533,'3',NULL,2,75,NULL),(534,'3',NULL,2,75,NULL),(535,'3',NULL,2,75,NULL),(536,'3',NULL,2,75,NULL),(537,'3',NULL,2,75,NULL),(538,'3',NULL,2,75,NULL),(539,'3',NULL,2,75,NULL),(540,'3',NULL,2,75,NULL),(541,'3',NULL,2,75,NULL),(542,'3',NULL,2,75,NULL),(543,'3',NULL,2,75,NULL),(544,'3',NULL,2,75,NULL),(545,'3',NULL,2,75,NULL),(546,'3',NULL,2,75,NULL),(547,'3',NULL,2,75,NULL),(548,'3',NULL,2,75,NULL),(549,'3',NULL,2,75,NULL),(550,'3',NULL,2,75,NULL),(551,'3',NULL,2,75,NULL),(552,'3',NULL,2,75,NULL),(553,'3',NULL,2,75,NULL),(554,'3',NULL,2,75,NULL),(555,'3',NULL,2,75,NULL),(556,'3',NULL,2,75,NULL),(557,'3',NULL,2,75,NULL),(558,'3',NULL,2,75,NULL),(559,'3',NULL,2,75,NULL),(560,'3',NULL,2,75,NULL),(561,'3',NULL,2,75,NULL),(562,'3',NULL,2,75,NULL),(563,'3',NULL,2,75,NULL),(564,'3',NULL,2,75,NULL),(565,'3',NULL,2,75,NULL),(566,'3',NULL,2,75,NULL),(567,'3',NULL,2,75,NULL),(568,'3',NULL,2,75,NULL),(569,'3',NULL,2,75,NULL),(570,'3',NULL,2,75,NULL),(571,'3',NULL,2,75,NULL),(572,'3',NULL,2,75,NULL),(573,'3',NULL,2,75,NULL),(574,'3',NULL,2,75,NULL),(575,'3',NULL,2,75,NULL),(576,'3',NULL,2,75,NULL),(577,'3',NULL,2,75,NULL),(578,'3',NULL,2,75,NULL),(579,'3',NULL,2,75,NULL),(580,'3',NULL,2,75,NULL),(581,'3',NULL,2,75,NULL),(582,'3',NULL,2,75,NULL),(583,'3',NULL,2,75,NULL),(584,'3',NULL,2,75,NULL),(585,'3',NULL,2,75,NULL),(586,'3',NULL,2,75,NULL),(587,'3',NULL,2,75,NULL),(588,'3',NULL,2,75,NULL),(589,'3',NULL,2,75,NULL),(590,'3',NULL,2,75,NULL),(591,'3',NULL,2,75,NULL),(592,'3',NULL,2,75,NULL),(593,'3',NULL,2,75,NULL),(594,'3',NULL,2,75,NULL),(595,'3',NULL,2,75,NULL),(596,'3',NULL,2,75,NULL),(597,'3',NULL,2,75,NULL),(598,'3',NULL,2,75,NULL),(599,'3',NULL,2,75,NULL),(600,'3',NULL,2,75,NULL),(601,'3',NULL,2,75,NULL),(602,'3',NULL,2,75,NULL),(603,'3',NULL,2,75,NULL),(604,'3',NULL,2,75,NULL),(605,'3',NULL,2,75,NULL),(606,'3',NULL,2,75,NULL),(607,'3',NULL,2,75,NULL),(608,'3',NULL,2,75,NULL),(609,'3',NULL,2,75,NULL),(610,'3',NULL,2,75,NULL),(611,'3',NULL,2,75,NULL),(612,'3',NULL,2,75,NULL),(613,'3',NULL,2,75,NULL),(614,'3',NULL,2,75,NULL),(615,'3',NULL,2,75,NULL),(616,'3',NULL,2,75,NULL),(617,'3',NULL,2,75,NULL),(618,'3',NULL,2,75,NULL),(619,'3',NULL,2,75,NULL),(620,'3',NULL,2,75,NULL),(621,'3',NULL,2,75,NULL),(622,'3',NULL,2,75,NULL),(623,'3',NULL,2,75,NULL),(624,'3',NULL,2,75,NULL),(625,'3',NULL,2,75,NULL),(626,'3',NULL,2,75,NULL),(627,'3',NULL,2,75,NULL),(628,'3',NULL,2,75,NULL),(629,'3',NULL,2,75,NULL),(630,'3',NULL,2,75,NULL),(631,'3',NULL,2,75,NULL),(632,'3',NULL,2,75,NULL),(633,'3',NULL,2,75,NULL),(634,'3',NULL,2,75,NULL),(635,'3',NULL,2,75,NULL),(636,'3',NULL,2,75,NULL),(637,'3',NULL,2,75,NULL),(638,'3',NULL,2,75,NULL),(639,'3',NULL,2,75,NULL),(640,'3',NULL,2,75,NULL),(641,'3',NULL,2,75,NULL),(642,'3',NULL,2,75,NULL),(643,'3',NULL,2,75,NULL),(644,'3',NULL,2,75,NULL),(645,'3',NULL,2,75,NULL),(646,'3',NULL,2,75,NULL),(647,'3',NULL,2,75,NULL),(648,'3',NULL,2,75,NULL),(649,'3',NULL,2,75,NULL),(650,'3',NULL,2,75,NULL),(651,'3',NULL,2,75,NULL),(652,'3',NULL,2,75,NULL),(653,'3',NULL,2,75,NULL),(654,'3',NULL,2,75,NULL),(655,'3',NULL,2,75,NULL),(656,'3',NULL,2,75,NULL),(657,'3',NULL,2,75,NULL),(658,'3',NULL,2,75,NULL),(659,'3',NULL,2,75,NULL),(660,'3',NULL,2,75,NULL),(661,'3',NULL,2,75,NULL),(662,'3',NULL,2,75,NULL),(663,'3',NULL,2,75,NULL),(664,'3',NULL,2,75,NULL),(665,'3',NULL,2,75,NULL),(666,'3',NULL,2,75,NULL),(667,'3',NULL,2,75,NULL),(668,'3',NULL,2,75,NULL),(669,'3',NULL,2,75,NULL),(670,'3',NULL,2,75,NULL),(671,'3',NULL,2,75,NULL),(672,'3',NULL,2,75,NULL),(673,'3',NULL,2,75,NULL),(674,'3',NULL,2,75,NULL),(675,'3',NULL,2,75,NULL),(676,'3',NULL,2,75,NULL),(677,'3',NULL,2,75,NULL),(678,'3',NULL,2,75,NULL),(679,'3',NULL,2,75,NULL),(680,'3',NULL,2,75,NULL),(681,'3',NULL,2,75,NULL),(682,'3',NULL,2,75,NULL),(683,'3',NULL,2,75,NULL),(684,'3',NULL,2,75,NULL),(685,'3',NULL,2,75,NULL),(686,'3',NULL,2,75,NULL),(687,'3',NULL,2,75,NULL),(688,'3',NULL,2,75,NULL),(689,'3',NULL,2,75,NULL),(690,'3',NULL,2,75,NULL),(691,'3',NULL,2,75,NULL),(692,'3',NULL,2,75,NULL),(693,'3',NULL,2,75,NULL),(694,'3',NULL,2,75,NULL),(695,'3',NULL,2,75,NULL),(696,'3',NULL,2,75,NULL),(697,'3',NULL,2,75,NULL),(698,'3',NULL,2,75,NULL),(699,'3',NULL,2,75,NULL),(700,'3',NULL,2,75,NULL),(701,'3',NULL,2,75,NULL),(702,'3',NULL,2,75,NULL),(703,'3',NULL,2,75,NULL),(704,'3',NULL,2,75,NULL),(705,'3',NULL,2,75,NULL),(706,'3',NULL,2,75,NULL),(707,'3',NULL,2,75,NULL),(708,'3',NULL,2,75,NULL),(709,'3',NULL,2,75,NULL),(710,'3',NULL,2,75,NULL),(711,'3',NULL,2,75,NULL),(712,'3',NULL,2,75,NULL),(713,'3',NULL,2,75,NULL),(714,'3',NULL,2,75,NULL),(715,'3',NULL,2,75,NULL),(716,'3',NULL,2,75,NULL),(717,'3',NULL,2,75,NULL),(718,'3',NULL,2,75,NULL),(719,'3',NULL,2,75,NULL),(720,'3',NULL,2,75,NULL),(721,'3',NULL,2,75,NULL),(722,'3',NULL,2,75,NULL),(723,'3',NULL,2,75,NULL),(724,'3',NULL,2,75,NULL),(725,'3',NULL,2,75,NULL),(726,'3',NULL,2,75,NULL),(727,'3',NULL,2,75,NULL),(728,'3',NULL,2,75,NULL),(729,'3',NULL,2,75,NULL),(730,'3',NULL,2,75,NULL),(731,'3',NULL,2,75,NULL),(732,'3',NULL,2,75,NULL),(733,'3',NULL,2,75,NULL),(734,'3',NULL,2,75,NULL),(735,'3',NULL,2,75,NULL),(736,'3',NULL,2,75,NULL),(737,'3',NULL,2,75,NULL),(738,'3',NULL,2,75,NULL),(739,'3',NULL,2,75,NULL),(740,'3',NULL,2,75,NULL),(741,'3',NULL,2,75,NULL),(742,'3',NULL,2,75,NULL),(743,'3',NULL,2,75,NULL),(744,'3',NULL,2,75,NULL),(745,'3',NULL,2,75,NULL),(746,'3',NULL,2,75,NULL),(747,'3',NULL,2,75,NULL),(748,'3',NULL,2,75,NULL),(749,'3',NULL,2,75,NULL),(750,'3',NULL,2,75,NULL),(751,'3',NULL,2,75,NULL),(752,'3',NULL,2,75,NULL),(753,'3',NULL,2,75,NULL),(754,'3',NULL,2,75,NULL),(755,'3',NULL,2,75,NULL),(756,'3',NULL,2,75,NULL),(757,'3',NULL,2,75,NULL),(758,'3',NULL,2,75,NULL),(759,'3',NULL,2,75,NULL),(760,'3',NULL,2,75,NULL),(761,'3',NULL,2,75,NULL),(762,'3',NULL,2,75,NULL),(763,'3',NULL,2,75,NULL),(764,'3',NULL,2,75,NULL),(765,'3',NULL,2,75,NULL),(766,'3',NULL,2,75,NULL),(767,'3',NULL,2,75,NULL),(768,'3',NULL,2,75,NULL),(769,'3',NULL,2,75,NULL),(770,'3',NULL,2,75,NULL),(771,'3',NULL,2,75,NULL),(772,'3',NULL,2,75,NULL),(773,'3',NULL,2,75,NULL),(774,'3',NULL,2,75,NULL),(775,'3',NULL,2,75,NULL),(776,'3',NULL,2,75,NULL),(777,'3',NULL,2,75,NULL),(778,'3',NULL,2,75,NULL),(779,'3',NULL,2,75,NULL),(780,'3',NULL,2,75,NULL),(781,'3',NULL,2,75,NULL),(782,'3',NULL,2,75,NULL),(783,'3',NULL,2,75,NULL),(784,'3',NULL,2,75,NULL),(785,'3',NULL,2,75,NULL),(786,'3',NULL,2,75,NULL),(787,'3',NULL,2,75,NULL),(788,'3',NULL,2,75,NULL),(789,'3',NULL,2,75,NULL),(790,'3',NULL,2,75,NULL),(791,'3',NULL,2,75,NULL),(792,'3',NULL,2,75,NULL),(793,'3',NULL,2,75,NULL),(794,'3',NULL,2,75,NULL),(795,'3',NULL,2,75,NULL),(796,'3',NULL,2,75,NULL),(797,'3',NULL,2,75,NULL),(798,'3',NULL,2,75,NULL),(799,'3',NULL,2,75,NULL),(800,'3',NULL,2,75,NULL),(801,'3',NULL,2,75,NULL),(802,'3',NULL,2,75,NULL),(803,'3',NULL,2,75,NULL),(804,'3',NULL,2,75,NULL),(805,'3',NULL,2,75,NULL),(806,'3',NULL,2,75,NULL),(807,'3',NULL,2,75,NULL),(808,'3',NULL,2,75,NULL),(809,'3',NULL,2,75,NULL),(810,'3',NULL,2,75,NULL),(811,'3',NULL,2,75,NULL),(812,'3',NULL,2,75,NULL),(813,'3',NULL,2,75,NULL),(814,'3',NULL,2,75,NULL),(815,'3',NULL,2,75,NULL),(816,'3',NULL,2,75,NULL),(817,'3',NULL,2,75,NULL),(818,'3',NULL,2,75,NULL),(819,'3',NULL,2,75,NULL),(820,'3',NULL,2,75,NULL),(821,'3',NULL,2,75,NULL),(822,'3',NULL,2,75,NULL),(823,'3',NULL,2,75,NULL),(824,'3',NULL,2,75,NULL),(825,'3',NULL,2,75,NULL),(826,'3',NULL,2,75,NULL),(827,'3',NULL,2,75,NULL),(828,'3',NULL,2,75,NULL),(829,'3',NULL,2,75,NULL),(830,'3',NULL,2,75,NULL),(831,'3',NULL,2,75,NULL),(832,'3',NULL,2,75,NULL),(833,'3',NULL,2,75,NULL),(834,'3',NULL,2,75,NULL),(835,'3',NULL,2,75,NULL),(836,'3',NULL,2,75,NULL),(837,'3',NULL,2,75,NULL),(838,'3',NULL,2,75,NULL),(839,'3',NULL,2,75,NULL),(840,'3',NULL,2,75,NULL),(841,'3',NULL,2,75,NULL),(842,'3',NULL,2,75,NULL),(843,'3',NULL,2,75,NULL),(844,'3',NULL,2,75,NULL),(845,'3',NULL,2,75,NULL),(846,'3',NULL,2,75,NULL),(847,'3',NULL,2,75,NULL),(848,'3',NULL,2,75,NULL),(849,'3',NULL,2,75,NULL),(850,'3',NULL,2,75,NULL),(851,'3',NULL,2,75,NULL),(852,'3',NULL,2,75,NULL),(853,'3',NULL,2,75,NULL),(854,'3',NULL,2,75,NULL),(855,'3',NULL,2,75,NULL),(856,'3',NULL,2,75,NULL),(857,'3',NULL,2,75,NULL),(858,'3',NULL,2,75,NULL),(859,'3',NULL,2,75,NULL),(860,'3',NULL,2,75,NULL),(861,'3',NULL,2,75,NULL),(862,'3',NULL,2,75,NULL),(863,'3',NULL,2,75,NULL),(864,'3',NULL,2,75,NULL),(865,'3',NULL,2,75,NULL),(866,'3',NULL,2,75,NULL),(867,'3',NULL,2,75,NULL),(868,'3',NULL,2,75,NULL),(869,'3',NULL,2,75,NULL),(870,'3',NULL,2,75,NULL),(871,'3',NULL,2,75,NULL),(872,'3',NULL,2,75,NULL),(873,'3',NULL,2,75,NULL),(874,'3',NULL,2,75,NULL),(875,'3',NULL,2,75,NULL),(876,'3',NULL,2,75,NULL),(877,'3',NULL,2,75,NULL),(878,'3',NULL,2,75,NULL),(879,'3',NULL,2,75,NULL),(880,'3',NULL,2,75,NULL),(881,'3',NULL,2,75,NULL),(882,'3',NULL,2,75,NULL),(883,'3',NULL,2,75,NULL),(884,'3',NULL,2,75,NULL),(885,'3',NULL,2,75,NULL),(886,'3',NULL,2,75,NULL),(887,'3',NULL,2,75,NULL),(888,'3',NULL,2,75,NULL),(889,'3',NULL,2,75,NULL),(890,'3',NULL,2,75,NULL),(891,'3',NULL,2,75,NULL),(892,'3',NULL,2,75,NULL),(893,'3',NULL,2,75,NULL),(894,'3',NULL,2,75,NULL),(895,'3',NULL,2,75,NULL),(896,'3',NULL,2,75,NULL),(897,'3',NULL,2,75,NULL),(898,'3',NULL,2,75,NULL),(899,'3',NULL,2,75,NULL),(900,'3',NULL,2,75,NULL),(901,'3',NULL,2,75,NULL),(902,'3',NULL,2,75,NULL),(903,'3',NULL,2,75,NULL),(904,'3',NULL,2,75,NULL),(905,'3',NULL,2,75,NULL),(906,'3',NULL,2,75,NULL),(907,'3',NULL,2,75,NULL),(908,'3',NULL,2,75,NULL),(909,'3',NULL,2,75,NULL),(910,'3',NULL,2,75,NULL),(911,'3',NULL,2,75,NULL),(912,'3',NULL,2,75,NULL),(913,'3',NULL,2,75,NULL),(914,'3',NULL,2,75,NULL),(915,'3',NULL,2,75,NULL),(916,'3',NULL,2,75,NULL),(917,'3',NULL,2,75,NULL),(918,'3',NULL,2,75,NULL),(919,'3',NULL,2,75,NULL),(920,'3',NULL,2,75,NULL),(921,'3',NULL,2,75,NULL),(922,'3',NULL,2,75,NULL),(923,'3',NULL,2,75,NULL),(924,'3',NULL,2,75,NULL),(925,'3',NULL,2,75,NULL),(926,'3',NULL,2,75,NULL),(927,'3',NULL,2,75,NULL),(928,'3',NULL,2,75,NULL),(929,'3',NULL,2,75,NULL),(930,'3',NULL,2,75,NULL),(931,'3',NULL,2,75,NULL),(932,'3',NULL,2,75,NULL),(933,'3',NULL,2,75,NULL),(934,'3',NULL,2,75,NULL),(935,'3',NULL,2,75,NULL),(936,'3',NULL,2,75,NULL),(937,'3',NULL,2,75,NULL),(938,'3',NULL,2,75,NULL),(939,'3',NULL,2,75,NULL),(940,'3',NULL,2,75,NULL),(941,'3',NULL,2,75,NULL),(942,'3',NULL,2,75,NULL),(943,'3',NULL,2,75,NULL),(944,'3',NULL,2,75,NULL),(945,'3',NULL,2,75,NULL),(946,'3',NULL,2,75,NULL),(947,'3',NULL,2,75,NULL),(948,'3',NULL,2,75,NULL),(949,'3',NULL,2,75,NULL),(950,'3',NULL,2,75,NULL),(951,'3',NULL,2,75,NULL),(952,'3',NULL,2,75,NULL),(953,'3',NULL,2,75,NULL),(954,'3',NULL,2,75,NULL),(955,'3',NULL,2,75,NULL),(956,'3',NULL,2,75,NULL),(957,'3',NULL,2,75,NULL),(958,'3',NULL,2,75,NULL),(959,'3',NULL,2,75,NULL),(960,'3',NULL,2,75,NULL),(961,'3',NULL,2,75,NULL),(962,'3',NULL,2,75,NULL),(963,'3',NULL,2,75,NULL),(964,'3',NULL,2,75,NULL),(965,'3',NULL,2,75,NULL),(966,'3',NULL,2,75,NULL),(967,'3',NULL,2,75,NULL),(968,'3',NULL,2,75,NULL),(969,'3',NULL,2,75,NULL),(970,'3',NULL,2,75,NULL),(971,'3',NULL,2,75,NULL),(972,'3',NULL,2,75,NULL),(973,'3',NULL,2,75,NULL),(974,'3',NULL,2,75,NULL),(975,'3',NULL,2,75,NULL),(976,'3',NULL,2,75,NULL),(977,'3',NULL,2,75,NULL),(978,'3',NULL,2,75,NULL),(979,'3',NULL,2,75,NULL),(980,'3',NULL,2,75,NULL),(981,'3',NULL,2,75,NULL),(982,'3',NULL,2,75,NULL),(983,'3',NULL,2,75,NULL),(984,'3',NULL,2,75,NULL),(985,'3',NULL,2,75,NULL),(986,'3',NULL,2,75,NULL),(987,'3',NULL,2,75,NULL),(988,'3',NULL,2,75,NULL),(989,'3',NULL,2,75,NULL),(990,'3',NULL,2,75,NULL),(991,'3',NULL,2,75,NULL),(992,'3',NULL,2,75,NULL),(993,'3',NULL,2,75,NULL),(994,'3',NULL,2,75,NULL),(995,'3',NULL,2,75,NULL),(996,'3',NULL,2,75,NULL),(997,'3',NULL,2,75,NULL),(998,'3',NULL,2,75,NULL),(999,'3',NULL,2,75,NULL),(1000,'3',NULL,2,75,NULL),(1001,'3',NULL,2,75,NULL),(1002,'3',NULL,2,75,NULL),(1003,'3',NULL,2,75,NULL),(1004,'3',NULL,2,75,NULL),(1005,'3',NULL,2,75,NULL),(1006,'3',NULL,2,75,NULL),(1007,'3',NULL,2,75,NULL),(1008,'3',NULL,2,75,NULL),(1009,'3',NULL,2,75,NULL),(1010,'3',NULL,2,75,NULL),(1011,'3',NULL,2,75,NULL),(1012,'3',NULL,2,75,NULL),(1013,'3',NULL,2,75,NULL),(1014,'3',NULL,2,75,NULL),(1015,'3',NULL,2,75,NULL),(1016,'3',NULL,2,75,NULL),(1017,'3',NULL,2,75,NULL),(1018,'3',NULL,2,75,NULL),(1019,'3',NULL,2,75,NULL),(1020,'3',NULL,2,75,NULL),(1021,'3',NULL,2,75,NULL),(1022,'3',NULL,2,75,NULL),(1023,'3',NULL,2,75,NULL),(1024,'3',NULL,2,75,NULL),(1025,'3',NULL,2,75,NULL),(1026,'3',NULL,2,75,NULL),(1027,'3',NULL,2,75,NULL),(1028,'3',NULL,2,75,NULL),(1029,'3',NULL,2,75,NULL),(1030,'3',NULL,2,75,NULL),(1031,'3',NULL,2,75,NULL),(1032,'3',NULL,2,75,NULL),(1033,'3',NULL,2,75,NULL),(1034,'3',NULL,2,75,NULL),(1035,'3',NULL,2,75,NULL),(1036,'3',NULL,2,75,NULL),(1037,'3',NULL,2,75,NULL),(1038,'3',NULL,2,75,NULL),(1039,'3',NULL,2,75,NULL),(1040,'3',NULL,2,75,NULL),(1041,'3',NULL,2,75,NULL),(1042,'3',NULL,2,75,NULL),(1043,'3',NULL,2,75,NULL),(1044,'3',NULL,2,75,NULL),(1045,'3',NULL,2,75,NULL),(1046,'3',NULL,2,75,NULL),(1047,'3',NULL,2,75,NULL),(1048,'3',NULL,2,75,NULL),(1049,'3',NULL,2,75,NULL),(1050,'3',NULL,2,75,NULL),(1051,'3',NULL,2,75,NULL),(1052,'3',NULL,2,75,NULL),(1053,'3',NULL,2,75,NULL),(1054,'3',NULL,2,75,NULL),(1055,'3',NULL,2,75,NULL),(1056,'3',NULL,2,75,NULL),(1057,'3',NULL,2,75,NULL),(1058,'3',NULL,2,75,NULL),(1059,'3',NULL,2,75,NULL),(1060,'3',NULL,2,75,NULL),(1061,'3',NULL,2,75,NULL),(1062,'3',NULL,2,75,NULL),(1063,'3',NULL,2,75,NULL),(1064,'3',NULL,2,75,NULL),(1065,'3',NULL,2,75,NULL),(1066,'3',NULL,2,75,NULL),(1067,'3',NULL,2,75,NULL),(1068,'3',NULL,2,75,NULL),(1069,'3',NULL,2,75,NULL),(1070,'3',NULL,2,75,NULL),(1071,'3',NULL,2,75,NULL),(1072,'3',NULL,2,75,NULL),(1073,'3',NULL,2,75,NULL),(1074,'3',NULL,2,75,NULL),(1075,'3',NULL,2,75,NULL),(1076,'3',NULL,2,75,NULL),(1077,'3',NULL,2,75,NULL),(1078,'3',NULL,2,75,NULL),(1079,'3',NULL,2,75,NULL),(1080,'3',NULL,2,75,NULL),(1081,'3',NULL,2,75,NULL),(1082,'3',NULL,2,75,NULL),(1083,'3',NULL,2,75,NULL),(1084,'3',NULL,2,75,NULL),(1085,'3',NULL,2,75,NULL),(1086,'3',NULL,2,75,NULL),(1087,'3',NULL,2,75,NULL),(1088,'3',NULL,2,75,NULL),(1089,'3',NULL,2,75,NULL),(1090,'3',NULL,2,75,NULL),(1091,'3',NULL,2,75,NULL),(1092,'3',NULL,2,75,NULL),(1093,'3',NULL,2,75,NULL),(1094,'3',NULL,2,75,NULL),(1095,'3',NULL,2,75,NULL),(1096,'3',NULL,2,75,NULL),(1097,'3',NULL,2,75,NULL),(1098,'3',NULL,2,75,NULL),(1099,'3',NULL,2,75,NULL),(1100,'3',NULL,2,75,NULL),(1101,'3',NULL,2,75,NULL),(1102,'3',NULL,2,75,NULL),(1103,'3',NULL,2,75,NULL),(1104,'3',NULL,2,75,NULL),(1105,'3',NULL,2,75,NULL),(1106,'3',NULL,2,75,NULL),(1107,'3',NULL,2,75,NULL),(1108,'3',NULL,2,75,NULL),(1109,'3',NULL,2,75,NULL),(1110,'3',NULL,2,75,NULL),(1111,'3',NULL,2,75,NULL),(1112,'3',NULL,2,75,NULL),(1113,'3',NULL,2,75,NULL),(1114,'3',NULL,2,75,NULL),(1115,'3',NULL,2,75,NULL),(1116,'3',NULL,2,75,NULL),(1117,'3',NULL,2,75,NULL),(1118,'3',NULL,2,75,NULL),(1119,'3',NULL,2,75,NULL),(1120,'3',NULL,2,75,NULL),(1121,'3',NULL,2,75,NULL),(1122,'3',NULL,2,75,NULL),(1123,'3',NULL,2,75,NULL),(1124,'3',NULL,2,75,NULL),(1125,'3',NULL,2,75,NULL),(1126,'3',NULL,2,75,NULL),(1127,'3',NULL,2,75,NULL),(1128,'3',NULL,2,75,NULL),(1129,'3',NULL,2,75,NULL),(1130,'3',NULL,2,75,NULL),(1131,'3',NULL,2,75,NULL),(1132,'3',NULL,2,75,NULL),(1133,'3',NULL,2,75,NULL),(1134,'3',NULL,2,75,NULL),(1135,'3',NULL,2,75,NULL),(1136,'3',NULL,2,75,NULL),(1137,'3',NULL,2,75,NULL),(1138,'3',NULL,2,75,NULL),(1139,'3',NULL,2,75,NULL),(1140,'3',NULL,2,75,NULL),(1141,'3',NULL,2,75,NULL),(1142,'3',NULL,2,75,NULL),(1143,'3',NULL,2,75,NULL),(1144,'3',NULL,2,75,NULL),(1145,'3',NULL,2,75,NULL),(1146,'3',NULL,2,75,NULL),(1147,'3',NULL,2,75,NULL),(1148,'3',NULL,2,75,NULL),(1149,'3',NULL,2,75,NULL),(1150,'3',NULL,2,75,NULL),(1151,'3',NULL,2,75,NULL),(1152,'3',NULL,2,75,NULL),(1153,'3',NULL,2,75,NULL),(1154,'3',NULL,2,75,NULL),(1155,'3',NULL,2,75,NULL),(1156,'3',NULL,2,75,NULL),(1157,'3',NULL,2,75,NULL),(1158,'3',NULL,2,75,NULL),(1159,'3',NULL,2,75,NULL),(1160,'3',NULL,2,75,NULL),(1161,'3',NULL,2,75,NULL),(1162,'3',NULL,2,75,NULL),(1163,'3',NULL,2,75,NULL),(1164,'3',NULL,2,75,NULL),(1165,'3',NULL,2,75,NULL),(1166,'3',NULL,2,75,NULL),(1167,'3',NULL,2,75,NULL),(1168,'3',NULL,2,75,NULL),(1169,'3',NULL,2,75,NULL),(1170,'3',NULL,2,75,NULL),(1171,'3',NULL,2,75,NULL),(1172,'3',NULL,2,75,NULL),(1173,'3',NULL,2,75,NULL),(1174,'3',NULL,2,75,NULL),(1175,'3',NULL,2,75,NULL),(1176,'3',NULL,2,75,NULL),(1177,'3',NULL,2,75,NULL),(1178,'3',NULL,2,75,NULL),(1179,'3',NULL,2,75,NULL),(1180,'3',NULL,2,75,NULL),(1181,'3',NULL,2,75,NULL),(1182,'3',NULL,2,75,NULL),(1183,'3',NULL,2,75,NULL),(1184,'3',NULL,2,75,NULL),(1185,'3',NULL,2,75,NULL),(1186,'3',NULL,2,75,NULL),(1187,'3',NULL,2,75,NULL),(1188,'3',NULL,2,75,NULL),(1189,'3',NULL,2,75,NULL),(1190,'3',NULL,2,75,NULL),(1191,'3',NULL,2,75,NULL),(1192,'3',NULL,2,75,NULL),(1193,'3',NULL,2,75,NULL),(1194,'3',NULL,2,75,NULL),(1195,'3',NULL,2,75,NULL),(1196,'3',NULL,2,75,NULL),(1197,'3',NULL,2,75,NULL),(1198,'3',NULL,2,75,NULL),(1199,'3',NULL,2,75,NULL),(1200,'3',NULL,2,75,NULL),(1201,'3',NULL,2,75,NULL),(1202,'3',NULL,2,75,NULL),(1203,'3',NULL,2,75,NULL),(1204,'3',NULL,2,75,NULL),(1205,'3',NULL,2,75,NULL),(1206,'3',NULL,2,75,NULL),(1207,'3',NULL,2,75,NULL),(1208,'3',NULL,2,75,NULL),(1209,'3',NULL,2,75,NULL),(1210,'3',NULL,2,75,NULL),(1211,'3',NULL,2,75,NULL),(1212,'3',NULL,2,75,NULL),(1213,'3',NULL,2,75,NULL),(1214,'3',NULL,2,75,NULL),(1215,'3',NULL,2,75,NULL),(1216,'3',NULL,2,75,NULL),(1217,'3',NULL,2,75,NULL),(1218,'3',NULL,2,75,NULL),(1219,'3',NULL,2,75,NULL),(1220,'3',NULL,2,75,NULL),(1221,'3',NULL,2,75,NULL),(1222,'3',NULL,2,75,NULL),(1223,'3',NULL,2,75,NULL),(1224,'3',NULL,2,75,NULL),(1225,'3',NULL,2,75,NULL),(1226,'3',NULL,2,75,NULL),(1227,'3',NULL,2,75,NULL),(1228,'3',NULL,2,75,NULL),(1229,'3',NULL,2,75,NULL),(1230,'3',NULL,2,75,NULL),(1231,'3',NULL,2,75,NULL),(1232,'3',NULL,2,75,NULL),(1233,'3',NULL,2,75,NULL),(1234,'3',NULL,2,75,NULL),(1235,'3',NULL,2,75,NULL),(1236,'3',NULL,2,75,NULL),(1237,'3',NULL,2,75,NULL),(1238,'3',NULL,2,75,NULL),(1239,'3',NULL,2,75,NULL),(1240,'3',NULL,2,75,NULL),(1241,'3',NULL,2,75,NULL),(1242,'3',NULL,2,75,NULL),(1243,'3',NULL,2,75,NULL),(1244,'3',NULL,2,75,NULL),(1245,'3',NULL,2,75,NULL),(1246,'3',NULL,2,75,NULL),(1247,'3',NULL,2,75,NULL),(1248,'3',NULL,2,75,NULL),(1249,'3',NULL,2,75,NULL),(1250,'3',NULL,2,75,NULL),(1251,'3',NULL,2,75,NULL),(1252,'3',NULL,2,75,NULL),(1253,'3',NULL,2,75,NULL),(1254,'3',NULL,2,75,NULL),(1255,'3',NULL,2,75,NULL),(1256,'3',NULL,2,75,NULL),(1257,'3',NULL,2,75,NULL),(1258,'3',NULL,2,75,NULL),(1259,'3',NULL,2,75,NULL),(1260,'3',NULL,2,75,NULL),(1261,'3',NULL,2,75,NULL),(1262,'3',NULL,2,75,NULL),(1263,'3',NULL,2,75,NULL),(1264,'3',NULL,2,75,NULL),(1265,'3',NULL,2,75,NULL),(1266,'3',NULL,2,75,NULL),(1267,'3',NULL,2,75,NULL),(1268,'3',NULL,2,75,NULL),(1269,'3',NULL,2,75,NULL),(1270,'3',NULL,2,75,NULL),(1271,'3',NULL,2,75,NULL),(1272,'3',NULL,2,75,NULL),(1273,'3',NULL,2,75,NULL),(1274,'3',NULL,2,75,NULL),(1275,'3',NULL,2,75,NULL),(1276,'3',NULL,2,75,NULL),(1277,'3',NULL,2,75,NULL),(1278,'3',NULL,2,75,NULL),(1279,'3',NULL,2,75,NULL),(1280,'3',NULL,2,75,NULL),(1281,'3',NULL,2,75,NULL),(1282,'3',NULL,2,75,NULL),(1283,'3',NULL,2,75,NULL),(1284,'3',NULL,2,75,NULL),(1285,'3',NULL,2,75,NULL),(1286,'3',NULL,2,75,NULL),(1287,'3',NULL,2,75,NULL),(1288,'3',NULL,2,75,NULL),(1289,'3',NULL,2,75,NULL),(1290,'3',NULL,2,75,NULL),(1291,'3',NULL,2,75,NULL),(1292,'3',NULL,2,75,NULL),(1293,'3',NULL,2,75,NULL),(1294,'3',NULL,2,75,NULL),(1295,'3',NULL,2,75,NULL),(1296,'3',NULL,2,75,NULL),(1297,'3',NULL,2,75,NULL),(1298,'3',NULL,2,75,NULL),(1299,'3',NULL,2,75,NULL),(1300,'3',NULL,2,75,NULL),(1301,'3',NULL,2,75,NULL),(1302,'3',NULL,2,75,NULL),(1303,'3',NULL,2,75,NULL),(1304,'3',NULL,2,75,NULL),(1305,'3',NULL,2,75,NULL),(1306,'3',NULL,2,75,NULL),(1307,'3',NULL,2,75,NULL),(1308,'3',NULL,2,75,NULL),(1309,'3',NULL,2,75,NULL),(1310,'3',NULL,2,75,NULL),(1311,'3',NULL,2,75,NULL),(1312,'3',NULL,2,75,NULL),(1313,'3',NULL,2,75,NULL),(1314,'3',NULL,2,75,NULL),(1315,'3',NULL,2,75,NULL),(1316,'3',NULL,2,75,NULL),(1317,'3',NULL,2,75,NULL),(1318,'3',NULL,2,75,NULL),(1319,'3',NULL,2,75,NULL),(1320,'3',NULL,2,75,NULL),(1321,'3',NULL,2,75,NULL),(1322,'3',NULL,2,75,NULL),(1323,'3',NULL,2,75,NULL),(1324,'3',NULL,2,75,NULL),(1325,'3',NULL,2,75,NULL),(1326,'3',NULL,2,75,NULL),(1327,'3',NULL,2,75,NULL),(1328,'3',NULL,2,75,NULL),(1329,'3',NULL,2,75,NULL),(1330,'3',NULL,2,75,NULL),(1331,'3',NULL,2,75,NULL),(1332,'3',NULL,2,75,NULL),(1333,'3',NULL,2,75,NULL),(1334,'3',NULL,2,75,NULL),(1335,'3',NULL,2,75,NULL),(1336,'3',NULL,2,75,NULL),(1337,'3',NULL,2,75,NULL),(1338,'3',NULL,2,75,NULL),(1339,'3',NULL,2,75,NULL),(1340,'3',NULL,2,75,NULL),(1341,'3',NULL,2,75,NULL),(1342,'3',NULL,2,75,NULL),(1343,'3',NULL,2,75,NULL),(1344,'3',NULL,2,75,NULL),(1345,'3',NULL,2,75,NULL),(1346,'3',NULL,2,75,NULL),(1347,'3',NULL,2,75,NULL),(1348,'3',NULL,2,75,NULL),(1349,'3',NULL,2,75,NULL),(1350,'3',NULL,2,75,NULL),(1351,'3',NULL,2,75,NULL),(1352,'3',NULL,2,75,NULL),(1353,'3',NULL,2,75,NULL),(1354,'3',NULL,2,75,NULL),(1355,'3',NULL,2,75,NULL),(1356,'3',NULL,2,75,NULL),(1357,'3',NULL,2,75,NULL),(1358,'3',NULL,2,75,NULL),(1359,'3',NULL,2,75,NULL),(1360,'3',NULL,2,75,NULL),(1361,'3',NULL,2,75,NULL),(1362,'3',NULL,2,75,NULL),(1363,'3',NULL,2,75,NULL),(1364,'3',NULL,2,75,NULL),(1365,'3',NULL,2,75,NULL),(1366,'3',NULL,2,75,NULL),(1367,'3',NULL,2,75,NULL),(1368,'3',NULL,2,75,NULL),(1369,'3',NULL,2,75,NULL),(1370,'3',NULL,2,75,NULL),(1371,'3',NULL,2,75,NULL),(1372,'3',NULL,2,75,NULL),(1373,'3',NULL,2,75,NULL),(1374,'3',NULL,2,75,NULL),(1375,'3',NULL,2,75,NULL),(1376,'3',NULL,2,75,NULL),(1377,'3',NULL,2,75,NULL),(1378,'3',NULL,2,75,NULL),(1379,'3',NULL,2,75,NULL),(1380,'3',NULL,2,75,NULL),(1381,'3',NULL,2,75,NULL),(1382,'3',NULL,2,75,NULL),(1383,'3',NULL,2,75,NULL),(1384,'3',NULL,2,75,NULL),(1385,'3',NULL,2,75,NULL),(1386,'3',NULL,2,75,NULL),(1387,'3',NULL,2,75,NULL),(1388,'3',NULL,2,75,NULL),(1389,'3',NULL,2,75,NULL),(1390,'3',NULL,2,75,NULL),(1391,'3',NULL,2,75,NULL),(1392,'3',NULL,2,75,NULL),(1393,'3',NULL,2,75,NULL),(1394,'3',NULL,2,75,NULL),(1395,'3',NULL,2,75,NULL),(1396,'3',NULL,2,75,NULL),(1397,'3',NULL,2,75,NULL),(1398,'3',NULL,2,75,NULL),(1399,'3',NULL,2,75,NULL),(1400,'3',NULL,2,75,NULL),(1401,'3',NULL,2,75,NULL),(1402,'3',NULL,2,75,NULL),(1403,'3',NULL,2,75,NULL),(1404,'3',NULL,2,75,NULL),(1405,'3',NULL,2,75,NULL),(1406,'3',NULL,2,75,NULL),(1407,'3',NULL,2,75,NULL),(1408,'3',NULL,2,75,NULL),(1409,'3',NULL,2,75,NULL),(1410,'3',NULL,2,75,NULL),(1411,'3',NULL,2,75,NULL),(1412,'3',NULL,2,75,NULL),(1413,'3',NULL,2,75,NULL),(1414,'3',NULL,2,75,NULL),(1415,'3',NULL,2,75,NULL),(1416,'3',NULL,2,75,NULL),(1417,'3',NULL,2,75,NULL),(1418,'3',NULL,2,75,NULL),(1419,'3',NULL,2,75,NULL),(1420,'3',NULL,2,75,NULL),(1421,'3',NULL,2,75,NULL),(1422,'3',NULL,2,75,NULL),(1423,'3',NULL,2,75,NULL),(1424,'3',NULL,2,75,NULL),(1425,'3',NULL,2,75,NULL),(1426,'3',NULL,2,75,NULL),(1427,'3',NULL,2,75,NULL),(1428,'3',NULL,2,75,NULL),(1429,'3',NULL,2,75,NULL),(1430,'3',NULL,2,75,NULL),(1431,'3',NULL,2,75,NULL),(1432,'3',NULL,2,75,NULL),(1433,'3',NULL,2,75,NULL),(1434,'3',NULL,2,75,NULL),(1435,'3',NULL,2,75,NULL),(1436,'3',NULL,2,75,NULL),(1437,'3',NULL,2,75,NULL),(1438,'3',NULL,2,75,NULL),(1439,'3',NULL,2,75,NULL),(1440,'3',NULL,2,75,NULL),(1441,'3',NULL,2,75,NULL),(1442,'3',NULL,2,75,NULL),(1443,'3',NULL,2,75,NULL),(1444,'3',NULL,2,75,NULL),(1445,'3',NULL,2,75,NULL),(1446,'3',NULL,2,75,NULL),(1447,'3',NULL,2,75,NULL),(1448,'3',NULL,2,75,NULL),(1449,'3',NULL,2,75,NULL),(1450,'3',NULL,2,75,NULL),(1451,'3',NULL,2,75,NULL),(1452,'3',NULL,2,75,NULL),(1453,'3',NULL,2,75,NULL),(1454,'3',NULL,2,75,NULL),(1455,'3',NULL,2,75,NULL),(1456,'3',NULL,2,75,NULL),(1457,'3',NULL,2,75,NULL),(1458,'3',NULL,2,75,NULL),(1459,'3',NULL,2,75,NULL),(1460,'3',NULL,2,75,NULL),(1461,'3',NULL,2,75,NULL),(1462,'3',NULL,2,75,NULL),(1463,'3',NULL,2,75,NULL),(1464,'3',NULL,2,75,NULL),(1465,'3',NULL,2,75,NULL),(1466,'3',NULL,2,75,NULL),(1467,'3',NULL,2,75,NULL),(1468,'3',NULL,2,75,NULL),(1469,'3',NULL,2,75,NULL),(1470,'3',NULL,2,75,NULL),(1471,'3',NULL,2,75,NULL),(1472,'3',NULL,2,75,NULL),(1473,'3',NULL,2,75,NULL),(1474,'3',NULL,2,75,NULL),(1475,'3',NULL,2,75,NULL),(1476,'3',NULL,2,75,NULL),(1477,'3',NULL,2,75,NULL),(1478,'3',NULL,2,75,NULL),(1479,'3',NULL,2,75,NULL),(1480,'3',NULL,2,75,NULL),(1481,'3',NULL,2,75,NULL),(1482,'3',NULL,2,75,NULL),(1483,'3',NULL,2,75,NULL),(1484,'3',NULL,2,75,NULL),(1485,'3',NULL,2,75,NULL),(1486,'3',NULL,2,75,NULL),(1487,'3',NULL,2,75,NULL),(1488,'3',NULL,2,75,NULL),(1489,'3',NULL,2,75,NULL),(1490,'3',NULL,2,75,NULL),(1491,'3',NULL,2,75,NULL),(1492,'3',NULL,2,75,NULL),(1493,'3',NULL,2,75,NULL),(1494,'3',NULL,2,75,NULL),(1495,'3',NULL,2,75,NULL),(1496,'3',NULL,2,75,NULL),(1497,'3',NULL,2,75,NULL),(1498,'3',NULL,2,75,NULL),(1499,'3',NULL,2,75,NULL),(1500,'3',NULL,2,75,NULL),(1501,'3',NULL,2,75,NULL),(1502,'3',NULL,2,75,NULL),(1503,'3',NULL,2,75,NULL),(1504,'3',NULL,2,75,NULL),(1505,'3',NULL,2,75,NULL),(1506,'3',NULL,2,75,NULL),(1507,'3',NULL,2,75,NULL),(1508,'3',NULL,2,75,NULL),(1509,'3',NULL,2,75,NULL),(1510,'3',NULL,2,75,NULL),(1511,'3',NULL,2,75,NULL),(1512,'3',NULL,2,75,NULL),(1513,'3',NULL,2,75,NULL),(1514,'3',NULL,2,75,NULL),(1515,'3',NULL,2,75,NULL),(1516,'3',NULL,2,75,NULL),(1517,'3',NULL,2,75,NULL),(1518,'3',NULL,2,75,NULL),(1519,'3',NULL,2,75,NULL),(1520,'3',NULL,2,75,NULL),(1521,'3',NULL,2,75,NULL),(1522,'3',NULL,2,75,NULL),(1523,'3',NULL,2,75,NULL),(1524,'3',NULL,2,75,NULL),(1525,'3',NULL,2,75,NULL),(1526,'3',NULL,2,75,NULL),(1527,'3',NULL,2,75,NULL),(1528,'3',NULL,2,75,NULL),(1529,'3',NULL,2,75,NULL),(1530,'3',NULL,2,75,NULL),(1531,'3',NULL,2,75,NULL),(1532,'3',NULL,2,75,NULL),(1533,'3',NULL,2,75,NULL),(1534,'3',NULL,2,75,NULL),(1535,'3',NULL,2,75,NULL),(1536,'3',NULL,2,75,NULL),(1537,'3',NULL,2,75,NULL),(1538,'3',NULL,2,75,NULL),(1539,'3',NULL,2,75,NULL),(1540,'3',NULL,2,75,NULL),(1541,'3',NULL,2,75,NULL),(1542,'3',NULL,2,75,NULL),(1543,'3',NULL,2,75,NULL),(1544,'3',NULL,2,75,NULL),(1545,'3',NULL,2,75,NULL),(1546,'3',NULL,2,75,NULL),(1547,'3',NULL,2,75,NULL),(1548,'3',NULL,2,75,NULL),(1549,'3',NULL,2,75,NULL),(1550,'3',NULL,2,75,NULL),(1551,'3',NULL,2,75,NULL),(1552,'3',NULL,2,75,NULL),(1553,'3',NULL,2,75,NULL),(1554,'3',NULL,2,75,NULL),(1555,'3',NULL,2,75,NULL),(1556,'3',NULL,2,75,NULL),(1557,'3',NULL,2,75,NULL),(1558,'3',NULL,2,75,NULL),(1559,'3',NULL,2,75,NULL),(1560,'3',NULL,2,75,NULL),(1561,'3',NULL,2,75,NULL),(1562,'3',NULL,2,75,NULL),(1563,'3',NULL,2,75,NULL),(1564,'3',NULL,2,75,NULL),(1565,'3',NULL,2,75,NULL),(1566,'3',NULL,2,75,NULL),(1567,'3',NULL,2,75,NULL),(1568,'3',NULL,2,75,NULL),(1569,'3',NULL,2,75,NULL),(1570,'3',NULL,2,75,NULL),(1571,'3',NULL,2,75,NULL),(1572,'3',NULL,2,75,NULL),(1573,'3',NULL,2,75,NULL),(1574,'3',NULL,2,75,NULL),(1575,'3',NULL,2,75,NULL),(1576,'3',NULL,2,75,NULL),(1577,'3',NULL,2,75,NULL),(1578,'3',NULL,2,75,NULL),(1579,'3',NULL,2,75,NULL),(1580,'3',NULL,2,75,NULL),(1581,'3',NULL,2,75,NULL),(1582,'3',NULL,2,75,NULL),(1583,'3',NULL,2,75,NULL),(1584,'3',NULL,2,75,NULL),(1585,'3',NULL,2,75,NULL),(1586,'3',NULL,2,75,NULL),(1587,'3',NULL,2,75,NULL),(1588,'3',NULL,2,75,NULL),(1589,'3',NULL,2,75,NULL),(1590,'3',NULL,2,75,NULL),(1591,'3',NULL,2,75,NULL),(1592,'3',NULL,2,75,NULL),(1593,'3',NULL,2,75,NULL),(1594,'3',NULL,2,75,NULL),(1595,'3',NULL,2,75,NULL),(1596,'3',NULL,2,75,NULL),(1597,'3',NULL,2,75,NULL),(1598,'3',NULL,2,75,NULL),(1599,'3',NULL,2,75,NULL),(1600,'3',NULL,2,75,NULL),(1601,'3',NULL,2,75,NULL),(1602,'3',NULL,2,75,NULL),(1603,'3',NULL,2,75,NULL),(1604,'3',NULL,2,75,NULL),(1605,'3',NULL,2,75,NULL),(1606,'3',NULL,2,75,NULL),(1607,'3',NULL,2,75,NULL),(1608,'3',NULL,2,75,NULL),(1609,'3',NULL,2,75,NULL),(1610,'3',NULL,2,75,NULL),(1611,'3',NULL,2,75,NULL),(1612,'3',NULL,2,75,NULL),(1613,'3',NULL,2,75,NULL),(1614,'3',NULL,2,75,NULL),(1615,'3',NULL,2,75,NULL),(1616,'3',NULL,2,75,NULL),(1617,'3',NULL,2,75,NULL),(1618,'3',NULL,2,75,NULL),(1619,'3',NULL,2,75,NULL),(1620,'3',NULL,2,75,NULL),(1621,'3',NULL,2,75,NULL),(1622,'3',NULL,2,75,NULL),(1623,'3',NULL,2,75,NULL),(1624,'3',NULL,2,75,NULL),(1625,'3',NULL,2,75,NULL),(1626,'3',NULL,2,75,NULL),(1627,'3',NULL,2,75,NULL),(1628,'3',NULL,2,75,NULL),(1629,'3',NULL,2,75,NULL),(1630,'3',NULL,2,75,NULL),(1631,'3',NULL,2,75,NULL),(1632,'3',NULL,2,75,NULL),(1633,'3',NULL,2,75,NULL),(1634,'3',NULL,2,75,NULL),(1635,'3',NULL,2,75,NULL),(1636,'3',NULL,2,75,NULL),(1637,'3',NULL,2,75,NULL),(1638,'3',NULL,2,75,NULL),(1639,'3',NULL,2,75,NULL),(1640,'3',NULL,2,75,NULL),(1641,'3',NULL,2,75,NULL),(1642,'3',NULL,2,75,NULL),(1643,'3',NULL,2,75,NULL),(1644,'3',NULL,2,75,NULL),(1645,'3',NULL,2,75,NULL),(1646,'3',NULL,2,75,NULL),(1647,'3',NULL,2,75,NULL),(1648,'3',NULL,2,75,NULL),(1649,'3',NULL,2,75,NULL),(1650,'3',NULL,2,75,NULL),(1651,'3',NULL,2,75,NULL),(1652,'3',NULL,2,75,NULL),(1653,'3',NULL,2,75,NULL),(1654,'3',NULL,2,75,NULL),(1655,'3',NULL,2,75,NULL),(1656,'3',NULL,2,75,NULL),(1657,'3',NULL,2,75,NULL),(1658,'3',NULL,2,75,NULL),(1659,'3',NULL,2,75,NULL),(1660,'3',NULL,2,75,NULL),(1661,'3',NULL,2,75,NULL),(1662,'3',NULL,2,75,NULL),(1663,'3',NULL,2,75,NULL),(1664,'3',NULL,2,75,NULL),(1665,'3',NULL,2,75,NULL),(1666,'3',NULL,2,75,NULL),(1667,'3',NULL,2,75,NULL),(1668,'3',NULL,2,75,NULL),(1669,'3',NULL,2,75,NULL),(1670,'3',NULL,2,75,NULL),(1671,'3',NULL,2,75,NULL),(1672,'3',NULL,2,75,NULL),(1673,'3',NULL,2,75,NULL),(1674,'3',NULL,2,75,NULL),(1675,'3',NULL,2,75,NULL),(1676,'3',NULL,2,75,NULL),(1677,'3',NULL,2,75,NULL),(1678,'3',NULL,2,75,NULL),(1679,'3',NULL,2,75,NULL),(1680,'3',NULL,2,75,NULL),(1681,'3',NULL,2,75,NULL),(1682,'3',NULL,2,75,NULL),(1683,'3',NULL,2,75,NULL),(1684,'3',NULL,2,75,NULL),(1685,'3',NULL,2,75,NULL),(1686,'3',NULL,2,75,NULL),(1687,'3',NULL,2,75,NULL),(1688,'3',NULL,2,75,NULL),(1689,'3',NULL,2,75,NULL),(1690,'3',NULL,2,75,NULL),(1691,'3',NULL,2,75,NULL),(1692,'3',NULL,2,75,NULL),(1693,'3',NULL,2,75,NULL),(1694,'3',NULL,2,75,NULL),(1695,'3',NULL,2,75,NULL),(1696,'3',NULL,2,75,NULL),(1697,'3',NULL,2,75,NULL),(1698,'3',NULL,2,75,NULL),(1699,'3',NULL,2,75,NULL),(1700,'3',NULL,2,75,NULL),(1701,'3',NULL,2,75,NULL),(1702,'3',NULL,2,75,NULL),(1703,'3',NULL,2,75,NULL),(1704,'3',NULL,2,75,NULL),(1705,'3',NULL,2,75,NULL),(1706,'3',NULL,2,75,NULL),(1707,'3',NULL,2,75,NULL),(1708,'3',NULL,2,75,NULL),(1709,'3',NULL,2,75,NULL),(1710,'3',NULL,2,75,NULL),(1711,'3',NULL,2,75,NULL),(1712,'3',NULL,2,75,NULL),(1713,'3',NULL,2,75,NULL),(1714,'3',NULL,2,75,NULL),(1715,'3',NULL,2,75,NULL),(1716,'3',NULL,2,75,NULL),(1717,'3',NULL,2,75,NULL),(1718,'3',NULL,2,75,NULL),(1719,'3',NULL,2,75,NULL),(1720,'3',NULL,2,75,NULL),(1721,'3',NULL,2,75,NULL),(1722,'3',NULL,2,75,NULL),(1723,'3',NULL,2,75,NULL),(1724,'3',NULL,2,75,NULL),(1725,'3',NULL,2,75,NULL),(1726,'3',NULL,2,75,NULL),(1727,'3',NULL,2,75,NULL),(1728,'3',NULL,2,75,NULL),(1729,'3',NULL,2,75,NULL),(1730,'3',NULL,2,75,NULL),(1731,'3',NULL,2,75,NULL),(1732,'3',NULL,2,75,NULL),(1733,'3',NULL,2,75,NULL),(1734,'3',NULL,2,75,NULL),(1735,'3',NULL,2,75,NULL),(1736,'3',NULL,2,75,NULL),(1737,'3',NULL,2,75,NULL),(1738,'3',NULL,2,75,NULL),(1739,'3',NULL,2,75,NULL),(1740,'3',NULL,2,75,NULL),(1741,'3',NULL,2,75,NULL),(1742,'3',NULL,2,75,NULL),(1743,'3',NULL,2,75,NULL),(1744,'3',NULL,2,75,NULL),(1745,'3',NULL,2,75,NULL),(1746,'3',NULL,2,75,NULL),(1747,'3',NULL,2,75,NULL),(1748,'3',NULL,2,75,NULL),(1749,'3',NULL,2,75,NULL),(1750,'3',NULL,2,75,NULL),(1751,'3',NULL,2,75,NULL),(1752,'3',NULL,2,75,NULL),(1753,'3',NULL,2,75,NULL),(1754,'3',NULL,2,75,NULL),(1755,'3',NULL,2,75,NULL),(1756,'3',NULL,2,75,NULL),(1757,'3',NULL,2,75,NULL),(1758,'3',NULL,2,75,NULL),(1759,'3',NULL,2,75,NULL),(1760,'3',NULL,2,75,NULL),(1761,'3',NULL,2,75,NULL),(1762,'3',NULL,2,75,NULL),(1763,'3',NULL,2,75,NULL),(1764,'3',NULL,2,75,NULL),(1765,'3',NULL,2,75,NULL),(1766,'3',NULL,2,75,NULL),(1767,'3',NULL,2,75,NULL),(1768,'3',NULL,2,75,NULL),(1769,'3',NULL,2,75,NULL),(1770,'3',NULL,2,75,NULL),(1771,'3',NULL,2,75,NULL),(1772,'3',NULL,2,75,NULL),(1773,'3',NULL,2,75,NULL),(1774,'3',NULL,2,75,NULL),(1775,'3',NULL,2,75,NULL),(1776,'3',NULL,2,75,NULL),(1777,'3',NULL,2,75,NULL),(1778,'3',NULL,2,75,NULL),(1779,'3',NULL,2,75,NULL),(1780,'3',NULL,2,75,NULL),(1781,'3',NULL,2,75,NULL),(1782,'3',NULL,2,75,NULL),(1783,'3',NULL,2,75,NULL),(1784,'3',NULL,2,75,NULL),(1785,'3',NULL,2,75,NULL),(1786,'3',NULL,2,75,NULL),(1787,'3',NULL,2,75,NULL),(1788,'3',NULL,2,75,NULL),(1789,'3',NULL,2,75,NULL),(1790,'3',NULL,2,75,NULL),(1791,'3',NULL,2,75,NULL),(1792,'3',NULL,2,75,NULL),(1793,'3',NULL,2,75,NULL),(1794,'3',NULL,2,75,NULL),(1795,'3',NULL,2,75,NULL),(1796,'3',NULL,2,75,NULL),(1797,'3',NULL,2,75,NULL),(1798,'3',NULL,2,75,NULL),(1799,'3',NULL,2,75,NULL),(1800,'3',NULL,2,75,NULL),(1801,'3',NULL,2,75,NULL),(1802,'3',NULL,2,75,NULL),(1803,'3',NULL,2,75,NULL),(1804,'3',NULL,2,75,NULL),(1805,'3',NULL,2,75,NULL),(1806,'3',NULL,2,75,NULL),(1807,'3',NULL,2,75,NULL),(1808,'3',NULL,2,75,NULL),(1809,'3',NULL,2,75,NULL),(1810,'3',NULL,2,75,NULL),(1811,'3',NULL,2,75,NULL),(1812,'3',NULL,2,75,NULL),(1813,'3',NULL,2,75,NULL),(1814,'3',NULL,2,75,NULL),(1815,'3',NULL,2,75,NULL),(1816,'3',NULL,2,75,NULL),(1817,'3',NULL,2,75,NULL),(1818,'3',NULL,2,75,NULL),(1819,'3',NULL,2,75,NULL),(1820,'3',NULL,2,75,NULL),(1821,'3',NULL,2,75,NULL),(1822,'3',NULL,2,75,NULL),(1823,'3',NULL,2,75,NULL),(1824,'3',NULL,2,75,NULL),(1825,'3',NULL,2,75,NULL),(1826,'3',NULL,2,75,NULL),(1827,'3',NULL,2,75,NULL),(1828,'3',NULL,2,75,NULL),(1829,'3',NULL,2,75,NULL),(1830,'3',NULL,2,75,NULL),(1831,'3',NULL,2,75,NULL),(1832,'3',NULL,2,75,NULL),(1833,'3',NULL,2,75,NULL),(1834,'3',NULL,2,75,NULL),(1835,'3',NULL,2,75,NULL),(1836,'3',NULL,2,75,NULL),(1837,'3',NULL,2,75,NULL),(1838,'3',NULL,2,75,NULL),(1839,'3',NULL,2,75,NULL),(1840,'3',NULL,2,75,NULL),(1841,'3',NULL,2,75,NULL),(1842,'3',NULL,2,75,NULL),(1843,'3',NULL,2,75,NULL),(1844,'3',NULL,2,75,NULL),(1845,'3',NULL,2,75,NULL),(1846,'3',NULL,2,75,NULL),(1847,'3',NULL,2,75,NULL),(1848,'3',NULL,2,75,NULL),(1849,'3',NULL,2,75,NULL),(1850,'3',NULL,2,75,NULL),(1851,'3',NULL,2,75,NULL),(1852,'3',NULL,2,75,NULL),(1853,'3',NULL,2,75,NULL),(1854,'3',NULL,2,75,NULL),(1855,'3',NULL,2,75,NULL),(1856,'3',NULL,2,75,NULL),(1857,'3',NULL,2,75,NULL),(1858,'3',NULL,2,75,NULL),(1859,'3',NULL,2,75,NULL),(1860,'3',NULL,2,75,NULL),(1861,'3',NULL,2,75,NULL),(1862,'3',NULL,2,75,NULL),(1863,'3',NULL,2,75,NULL),(1864,'3',NULL,2,75,NULL),(1865,'3',NULL,2,75,NULL),(1866,'3',NULL,2,75,NULL),(1867,'3',NULL,2,75,NULL),(1868,'3',NULL,2,75,NULL),(1869,'3',NULL,2,75,NULL),(1870,'3',NULL,2,75,NULL),(1871,'3',NULL,2,75,NULL),(1872,'3',NULL,2,75,NULL),(1873,'3',NULL,2,75,NULL),(1874,'3',NULL,2,75,NULL),(1875,'3',NULL,2,75,NULL),(1876,'3',NULL,2,75,NULL),(1877,'3',NULL,2,75,NULL),(1878,'3',NULL,2,75,NULL),(1879,'3',NULL,2,75,NULL),(1880,'3',NULL,2,75,NULL),(1881,'3',NULL,2,75,NULL),(1882,'3',NULL,2,75,NULL),(1883,'3',NULL,2,75,NULL),(1884,'3',NULL,2,75,NULL),(1885,'3',NULL,2,75,NULL),(1886,'3',NULL,2,75,NULL),(1887,'3',NULL,2,75,NULL),(1888,'3',NULL,2,75,NULL),(1889,'3',NULL,2,75,NULL),(1890,'3',NULL,2,75,NULL),(1891,'3',NULL,2,75,NULL),(1892,'3',NULL,2,75,NULL),(1893,'3',NULL,2,75,NULL),(1894,'3',NULL,2,75,NULL),(1895,'3',NULL,2,75,NULL),(1896,'3',NULL,2,75,NULL),(1897,'3',NULL,2,75,NULL),(1898,'3',NULL,2,75,NULL),(1899,'3',NULL,2,75,NULL),(1900,'3',NULL,2,75,NULL),(1901,'3',NULL,2,75,NULL),(1902,'3',NULL,2,75,NULL),(1903,'3',NULL,2,75,NULL),(1904,'3',NULL,2,75,NULL),(1905,'3',NULL,2,75,NULL),(1906,'3',NULL,2,75,NULL),(1907,'3',NULL,2,75,NULL),(1908,'3',NULL,2,75,NULL),(1909,'3',NULL,2,75,NULL),(1910,'3',NULL,2,75,NULL),(1911,'3',NULL,2,75,NULL),(1912,'3',NULL,2,75,NULL),(1913,'3',NULL,2,75,NULL),(1914,'3',NULL,2,75,NULL),(1915,'3',NULL,2,75,NULL),(1916,'3',NULL,2,75,NULL),(1917,'3',NULL,2,75,NULL),(1918,'3',NULL,2,75,NULL),(1919,'3',NULL,2,75,NULL),(1920,'3',NULL,2,75,NULL),(1921,'3',NULL,2,75,NULL),(1922,'3',NULL,2,75,NULL),(1923,'3',NULL,2,75,NULL),(1924,'3',NULL,2,75,NULL),(1925,'3',NULL,2,75,NULL),(1926,'3',NULL,2,75,NULL),(1927,'3',NULL,2,75,NULL),(1928,'3',NULL,2,75,NULL),(1929,'3',NULL,2,75,NULL),(1930,'3',NULL,2,75,NULL),(1931,'3',NULL,2,75,NULL),(1932,'3',NULL,2,75,NULL),(1933,'3',NULL,2,75,NULL),(1934,'3',NULL,2,75,NULL),(1935,'3',NULL,2,75,NULL),(1936,'3',NULL,2,75,NULL),(1937,'3',NULL,2,75,NULL),(1938,'3',NULL,2,75,NULL),(1939,'3',NULL,2,75,NULL),(1940,'3',NULL,2,75,NULL),(1941,'3',NULL,2,75,NULL),(1942,'3',NULL,2,75,NULL),(1943,'3',NULL,2,75,NULL),(1944,'3',NULL,2,75,NULL),(1945,'3',NULL,2,75,NULL),(1946,'3',NULL,2,75,NULL),(1947,'3',NULL,2,75,NULL),(1948,'3',NULL,2,75,NULL),(1949,'3',NULL,2,75,NULL),(1950,'3',NULL,2,75,NULL),(1951,'3',NULL,2,75,NULL),(1952,'3',NULL,2,75,NULL),(1953,'3',NULL,2,75,NULL),(1954,'3',NULL,2,75,NULL),(1955,'3',NULL,2,75,NULL),(1956,'3',NULL,2,75,NULL),(1957,'3',NULL,2,75,NULL),(1958,'3',NULL,2,75,NULL),(1959,'3',NULL,2,75,NULL),(1960,'3',NULL,2,75,NULL),(1961,'3',NULL,2,75,NULL),(1962,'3',NULL,2,75,NULL),(1963,'3',NULL,2,75,NULL),(1964,'3',NULL,2,75,NULL),(1965,'3',NULL,2,75,NULL),(1966,'3',NULL,2,75,NULL),(1967,'3',NULL,2,75,NULL),(1968,'3',NULL,2,75,NULL),(1969,'3',NULL,2,75,NULL),(1970,'3',NULL,2,75,NULL),(1971,'3',NULL,2,75,NULL),(1972,'3',NULL,2,75,NULL),(1973,'3',NULL,2,75,NULL),(1974,'3',NULL,2,75,NULL),(1975,'3',NULL,2,75,NULL),(1976,'3',NULL,2,75,NULL),(1977,'3',NULL,2,75,NULL),(1978,'3',NULL,2,75,NULL),(1979,'3',NULL,2,75,NULL),(1980,'3',NULL,2,75,NULL),(1981,'3',NULL,2,75,NULL),(1982,'3',NULL,2,75,NULL),(1983,'3',NULL,2,75,NULL),(1984,'3',NULL,2,75,NULL),(1985,'3',NULL,2,75,NULL),(1986,'3',NULL,2,75,NULL),(1987,'3',NULL,2,75,NULL),(1988,'3',NULL,2,75,NULL),(1989,'3',NULL,2,75,NULL),(1990,'3',NULL,2,75,NULL),(1991,'3',NULL,2,75,NULL),(1992,'3',NULL,2,75,NULL),(1993,'3',NULL,2,75,NULL),(1994,'3',NULL,2,75,NULL),(1995,'3',NULL,2,75,NULL),(1996,'3',NULL,2,75,NULL),(1997,'3',NULL,2,75,NULL),(1998,'3',NULL,2,75,NULL),(1999,'3',NULL,2,75,NULL),(2000,'3',NULL,2,75,NULL),(2001,'3',NULL,2,75,NULL),(2002,'3',NULL,2,75,NULL),(2003,'3',NULL,2,75,NULL),(2004,'3',NULL,2,75,NULL),(2005,'3',NULL,2,75,NULL),(2006,'3',NULL,2,75,NULL),(2007,'3',NULL,2,75,NULL),(2008,'3',NULL,2,75,NULL),(2009,'3',NULL,2,75,NULL),(2010,'3',NULL,2,75,NULL),(2011,'3',NULL,2,75,NULL),(2012,'3',NULL,2,75,NULL),(2013,'3',NULL,2,75,NULL),(2014,'3',NULL,2,75,NULL),(2015,'3',NULL,2,75,NULL),(2016,'3',NULL,2,75,NULL),(2017,'3',NULL,2,75,NULL),(2018,'3',NULL,2,75,NULL),(2019,'3',NULL,2,75,NULL),(2020,'3',NULL,2,75,NULL),(2021,'3',NULL,2,75,NULL),(2022,'3',NULL,2,75,NULL),(2023,'3',NULL,2,75,NULL),(2024,'3',NULL,2,75,NULL),(2025,'3',NULL,2,75,NULL),(2026,'3',NULL,2,75,NULL),(2027,'3',NULL,2,75,NULL),(2028,'3',NULL,2,75,NULL),(2029,'3',NULL,2,75,NULL),(2030,'3',NULL,2,75,NULL),(2031,'3',NULL,2,75,NULL),(2032,'3',NULL,2,75,NULL),(2033,'3',NULL,2,75,NULL),(2034,'3',NULL,2,75,NULL),(2035,'3',NULL,2,75,NULL),(2036,'3',NULL,2,75,NULL),(2037,'3',NULL,2,75,NULL),(2038,'3',NULL,2,75,NULL),(2039,'3',NULL,2,75,NULL),(2040,'3',NULL,2,75,NULL),(2041,'3',NULL,2,75,NULL),(2042,'3',NULL,2,75,NULL),(2043,'3',NULL,2,75,NULL),(2044,'3',NULL,2,75,NULL),(2045,'3',NULL,2,75,NULL),(2046,'3',NULL,2,75,NULL),(2047,'3',NULL,2,75,NULL),(2048,'3',NULL,2,75,NULL),(2049,'3',NULL,2,75,NULL),(2050,'3',NULL,2,75,NULL),(2051,'3',NULL,2,75,NULL),(2052,'3',NULL,2,75,NULL),(2053,'3',NULL,2,75,NULL),(2054,'3',NULL,2,75,NULL),(2055,'3',NULL,2,75,NULL),(2056,'3',NULL,2,75,NULL),(2057,'3',NULL,2,75,NULL),(2058,'3',NULL,2,75,NULL),(2059,'3',NULL,2,75,NULL),(2060,'3',NULL,2,75,NULL),(2061,'3',NULL,2,75,NULL),(2062,'3',NULL,2,75,NULL),(2063,'3',NULL,2,75,NULL),(2064,'3',NULL,2,75,NULL),(2065,'3',NULL,2,75,NULL),(2066,'3',NULL,2,75,NULL),(2067,'3',NULL,2,75,NULL),(2068,'3',NULL,2,75,NULL),(2069,'3',NULL,2,75,NULL),(2070,'3',NULL,2,75,NULL),(2071,'3',NULL,2,75,NULL),(2072,'3',NULL,2,75,NULL),(2073,'3',NULL,2,75,NULL),(2074,'3',NULL,2,75,NULL),(2075,'3',NULL,2,75,NULL),(2076,'3',NULL,2,75,NULL),(2077,'3',NULL,2,75,NULL),(2078,'3',NULL,2,75,NULL),(2079,'3',NULL,2,75,NULL),(2080,'3',NULL,2,75,NULL),(2081,'3',NULL,2,75,NULL),(2082,'3',NULL,2,75,NULL),(2083,'3',NULL,2,75,NULL),(2084,'3',NULL,2,75,NULL),(2085,'3',NULL,2,75,NULL),(2086,'3',NULL,2,75,NULL),(2087,'3',NULL,2,75,NULL),(2088,'3',NULL,2,75,NULL),(2089,'3',NULL,2,75,NULL),(2090,'3',NULL,2,75,NULL),(2091,'3',NULL,2,75,NULL),(2092,'3',NULL,2,75,NULL),(2093,'3',NULL,2,75,NULL),(2094,'3',NULL,2,75,NULL),(2095,'3',NULL,2,75,NULL),(2096,'3',NULL,2,75,NULL),(2097,'3',NULL,2,75,NULL),(2098,'3',NULL,2,75,NULL),(2099,'3',NULL,2,75,NULL),(2100,'3',NULL,2,75,NULL),(2101,'3',NULL,2,75,NULL),(2102,'3',NULL,2,75,NULL),(2103,'3',NULL,2,75,NULL),(2104,'3',NULL,2,75,NULL),(2105,'3',NULL,2,75,NULL),(2106,'3',NULL,2,75,NULL),(2107,'3',NULL,2,75,NULL),(2108,'3',NULL,2,75,NULL),(2109,'3',NULL,2,75,NULL),(2110,'3',NULL,2,75,NULL),(2111,'3',NULL,2,75,NULL),(2112,'3',NULL,2,75,NULL),(2113,'3',NULL,2,75,NULL),(2114,'3',NULL,2,75,NULL),(2115,'3',NULL,2,75,NULL),(2116,'3',NULL,2,75,NULL),(2117,'3',NULL,2,75,NULL),(2118,'3',NULL,2,75,NULL),(2119,'3',NULL,2,75,NULL),(2120,'3',NULL,2,75,NULL),(2121,'3',NULL,2,75,NULL),(2122,'3',NULL,2,75,NULL),(2123,'3',NULL,2,75,NULL),(2124,'3',NULL,2,75,NULL),(2125,'3',NULL,2,75,NULL),(2126,'3',NULL,2,75,NULL),(2127,'3',NULL,2,75,NULL),(2128,'3',NULL,2,75,NULL),(2129,'3',NULL,2,75,NULL),(2130,'3',NULL,2,75,NULL),(2131,'3',NULL,2,75,NULL),(2132,'3',NULL,2,75,NULL),(2133,'3',NULL,2,75,NULL),(2134,'3',NULL,2,75,NULL),(2135,'3',NULL,2,75,NULL),(2136,'3',NULL,2,75,NULL),(2137,'3',NULL,2,75,NULL),(2138,'3',NULL,2,75,NULL),(2139,'3',NULL,2,75,NULL),(2140,'3',NULL,2,75,NULL),(2141,'3',NULL,2,75,NULL),(2142,'3',NULL,2,75,NULL),(2143,'3',NULL,2,75,NULL),(2144,'3',NULL,2,75,NULL),(2145,'3',NULL,2,75,NULL),(2146,'3',NULL,2,75,NULL),(2147,'3',NULL,2,75,NULL),(2148,'3',NULL,2,75,NULL),(2149,'3',NULL,2,75,NULL),(2150,'3',NULL,2,75,NULL),(2151,'3',NULL,2,75,NULL),(2152,'3',NULL,2,75,NULL),(2153,'3',NULL,2,75,NULL),(2154,'3',NULL,2,75,NULL),(2155,'3',NULL,2,75,NULL),(2156,'3',NULL,2,75,NULL),(2157,'3',NULL,2,75,NULL),(2158,'3',NULL,2,75,NULL),(2159,'3',NULL,2,75,NULL),(2160,'3',NULL,2,75,NULL),(2161,'3',NULL,2,75,NULL),(2162,'3',NULL,2,75,NULL),(2163,'3',NULL,2,75,NULL),(2164,'3',NULL,2,75,NULL),(2165,'3',NULL,2,75,NULL),(2166,'3',NULL,2,75,NULL),(2167,'3',NULL,2,75,NULL),(2168,'3',NULL,2,75,NULL),(2169,'3',NULL,2,75,NULL),(2170,'3',NULL,2,75,NULL),(2171,'3',NULL,2,75,NULL),(2172,'3',NULL,2,75,NULL),(2173,'3',NULL,2,75,NULL),(2174,'3',NULL,2,75,NULL),(2175,'3',NULL,2,75,NULL),(2176,'3',NULL,2,75,NULL),(2177,'3',NULL,2,75,NULL),(2178,'3',NULL,2,75,NULL),(2179,'3',NULL,2,75,NULL),(2180,'3',NULL,2,75,NULL),(2181,'3',NULL,2,75,NULL),(2182,'3',NULL,2,75,NULL),(2183,'3',NULL,2,75,NULL),(2184,'3',NULL,2,75,NULL),(2185,'3',NULL,2,75,NULL),(2186,'3',NULL,2,75,NULL),(2187,'3',NULL,2,75,NULL),(2188,'3',NULL,2,75,NULL),(2189,'3',NULL,2,75,NULL),(2190,'3',NULL,2,75,NULL),(2191,'3',NULL,2,75,NULL),(2192,'3',NULL,2,75,NULL),(2193,'3',NULL,2,75,NULL),(2194,'3',NULL,2,75,NULL),(2195,'3',NULL,2,75,NULL),(2196,'3',NULL,2,75,NULL),(2197,'3',NULL,2,75,NULL),(2198,'3',NULL,2,75,NULL),(2199,'3',NULL,2,75,NULL),(2200,'3',NULL,2,75,NULL),(2201,'3',NULL,2,75,NULL),(2202,'3',NULL,2,75,NULL),(2203,'3',NULL,2,75,NULL),(2204,'3',NULL,2,75,NULL),(2205,'3',NULL,2,75,NULL),(2206,'3',NULL,2,75,NULL),(2207,'3',NULL,2,75,NULL),(2208,'3',NULL,2,75,NULL),(2209,'3',NULL,2,75,NULL),(2210,'3',NULL,2,75,NULL),(2211,'3',NULL,2,75,NULL),(2212,'3',NULL,2,75,NULL),(2213,'3',NULL,2,75,NULL),(2214,'3',NULL,2,75,NULL),(2215,'3',NULL,2,75,NULL),(2216,'3',NULL,2,75,NULL),(2217,'3',NULL,2,75,NULL),(2218,'3',NULL,2,75,NULL),(2219,'3',NULL,2,75,NULL),(2220,'3',NULL,2,75,NULL),(2221,'3',NULL,2,75,NULL),(2222,'3',NULL,2,75,NULL),(2223,'3',NULL,2,75,NULL),(2224,'3',NULL,2,75,NULL),(2225,'3',NULL,2,75,NULL),(2226,'3',NULL,2,75,NULL),(2227,'3',NULL,2,75,NULL),(2228,'3',NULL,2,75,NULL),(2229,'3',NULL,2,75,NULL),(2230,'3',NULL,2,75,NULL),(2231,'3',NULL,2,75,NULL),(2232,'3',NULL,2,75,NULL),(2233,'3',NULL,2,75,NULL),(2234,'3',NULL,2,75,NULL),(2235,'3',NULL,2,75,NULL),(2236,'3',NULL,2,75,NULL),(2237,'3',NULL,2,75,NULL),(2238,'3',NULL,2,75,NULL),(2239,'3',NULL,2,75,NULL),(2240,'3',NULL,2,75,NULL),(2241,'3',NULL,2,75,NULL),(2242,'3',NULL,2,75,NULL),(2243,'3',NULL,2,75,NULL),(2244,'3',NULL,2,75,NULL),(2245,'3',NULL,2,75,NULL),(2246,'3',NULL,2,75,NULL),(2247,'3',NULL,2,75,NULL),(2248,'3',NULL,2,75,NULL),(2249,'3',NULL,2,75,NULL),(2250,'3',NULL,2,75,NULL),(2251,'3',NULL,2,75,NULL),(2252,'3',NULL,2,75,NULL),(2253,'3',NULL,2,75,NULL),(2254,'3',NULL,2,75,NULL),(2255,'3',NULL,2,75,NULL),(2256,'3',NULL,2,75,NULL),(2257,'3',NULL,2,75,NULL),(2258,'3',NULL,2,75,NULL),(2259,'3',NULL,2,75,NULL),(2260,'3',NULL,2,75,NULL),(2261,'3',NULL,2,75,NULL),(2262,'3',NULL,2,75,NULL),(2263,'3',NULL,2,75,NULL),(2264,'3',NULL,2,75,NULL),(2265,'3',NULL,2,75,NULL),(2266,'3',NULL,2,75,NULL),(2267,'3',NULL,2,75,NULL),(2268,'3',NULL,2,75,NULL),(2269,'3',NULL,2,75,NULL),(2270,'3',NULL,2,75,NULL),(2271,'3',NULL,2,75,NULL),(2272,'3',NULL,2,75,NULL),(2273,'3',NULL,2,75,NULL),(2274,'3',NULL,2,75,NULL),(2275,'3',NULL,2,75,NULL),(2276,'3',NULL,2,75,NULL),(2277,'3',NULL,2,75,NULL),(2278,'3',NULL,2,75,NULL),(2279,'3',NULL,2,75,NULL),(2280,'3',NULL,2,75,NULL),(2281,'3',NULL,2,75,NULL),(2282,'3',NULL,2,75,NULL),(2283,'3',NULL,2,75,NULL),(2284,'3',NULL,2,75,NULL),(2285,'3',NULL,2,75,NULL),(2286,'3',NULL,2,75,NULL),(2287,'3',NULL,2,75,NULL),(2288,'3',NULL,2,75,NULL),(2289,'3',NULL,2,75,NULL),(2290,'3',NULL,2,75,NULL),(2291,'3',NULL,2,75,NULL),(2292,'3',NULL,2,75,NULL),(2293,'3',NULL,2,75,NULL),(2294,'3',NULL,2,75,NULL),(2295,'3',NULL,2,75,NULL),(2296,'3',NULL,2,75,NULL),(2297,'3',NULL,2,75,NULL),(2298,'3',NULL,2,75,NULL),(2299,'3',NULL,2,75,NULL),(2300,'3',NULL,2,75,NULL),(2301,'3',NULL,2,75,NULL),(2302,'3',NULL,2,75,NULL),(2303,'3',NULL,2,75,NULL),(2304,'3',NULL,2,75,NULL),(2305,'3',NULL,2,75,NULL),(2306,'3',NULL,2,75,NULL),(2307,'3',NULL,2,75,NULL),(2308,'3',NULL,2,75,NULL),(2309,'3',NULL,2,75,NULL),(2310,'3',NULL,2,75,NULL),(2311,'3',NULL,2,75,NULL),(2312,'3',NULL,2,75,NULL),(2313,'3',NULL,2,75,NULL),(2314,'3',NULL,2,75,NULL),(2315,'3',NULL,2,75,NULL),(2316,'3',NULL,2,75,NULL),(2317,'3',NULL,2,75,NULL),(2318,'3',NULL,2,75,NULL),(2319,'3',NULL,2,75,NULL),(2320,'3',NULL,2,75,NULL),(2321,'3',NULL,2,75,NULL),(2322,'3',NULL,2,75,NULL),(2323,'3',NULL,2,75,NULL),(2324,'3',NULL,2,75,NULL),(2325,'3',NULL,2,75,NULL),(2326,'3',NULL,2,75,NULL),(2327,'3',NULL,2,75,NULL),(2328,'3',NULL,2,75,NULL),(2329,'3',NULL,2,75,NULL),(2330,'3',NULL,2,75,NULL),(2331,'3',NULL,2,75,NULL),(2332,'3',NULL,2,75,NULL),(2333,'3',NULL,2,75,NULL),(2334,'3',NULL,2,75,NULL),(2335,'3',NULL,2,75,NULL),(2336,'3',NULL,2,75,NULL),(2337,'3',NULL,2,75,NULL),(2338,'3',NULL,2,75,NULL),(2339,'3',NULL,2,75,NULL),(2340,'3',NULL,2,75,NULL),(2341,'3',NULL,2,75,NULL),(2342,'3',NULL,2,75,NULL),(2343,'3',NULL,2,75,NULL),(2344,'3',NULL,2,75,NULL),(2345,'3',NULL,2,75,NULL),(2346,'3',NULL,2,75,NULL),(2347,'3',NULL,2,75,NULL),(2348,'3',NULL,2,75,NULL),(2349,'3',NULL,2,75,NULL),(2350,'3',NULL,2,75,NULL),(2351,'3',NULL,2,75,NULL),(2352,'3',NULL,2,75,NULL),(2353,'3',NULL,2,75,NULL),(2354,'3',NULL,2,75,NULL),(2355,'3',NULL,2,75,NULL),(2356,'3',NULL,2,75,NULL),(2357,'3',NULL,2,75,NULL),(2358,'3',NULL,2,75,NULL),(2359,'3',NULL,2,75,NULL),(2360,'3',NULL,2,75,NULL),(2361,'3',NULL,2,75,NULL),(2362,'3',NULL,2,75,NULL),(2363,'3',NULL,2,75,NULL),(2364,'3',NULL,2,75,NULL),(2365,'3',NULL,2,75,NULL),(2366,'3',NULL,2,75,NULL),(2367,'3',NULL,2,75,NULL),(2368,'3',NULL,2,75,NULL),(2369,'3',NULL,2,75,NULL),(2370,'3',NULL,2,75,NULL),(2371,'3',NULL,2,75,NULL),(2372,'3',NULL,2,75,NULL),(2373,'3',NULL,2,75,NULL),(2374,'3',NULL,2,75,NULL),(2375,'3',NULL,2,75,NULL),(2376,'3',NULL,2,75,NULL),(2377,'3',NULL,2,75,NULL),(2378,'3',NULL,2,75,NULL),(2379,'3',NULL,2,75,NULL),(2380,'3',NULL,2,75,NULL),(2381,'3',NULL,2,75,NULL),(2382,'3',NULL,2,75,NULL),(2383,'3',NULL,2,75,NULL),(2384,'3',NULL,2,75,NULL),(2385,'3',NULL,2,75,NULL),(2386,'3',NULL,2,75,NULL),(2387,'3',NULL,2,75,NULL),(2388,'3',NULL,2,75,NULL),(2389,'3',NULL,2,75,NULL),(2390,'3',NULL,2,75,NULL),(2391,'3',NULL,2,75,NULL),(2392,'3',NULL,2,75,NULL),(2393,'3',NULL,2,75,NULL),(2394,'3',NULL,2,75,NULL),(2395,'3',NULL,2,75,NULL),(2396,'3',NULL,2,75,NULL),(2397,'3',NULL,2,75,NULL),(2398,'3',NULL,2,75,NULL),(2399,'3',NULL,2,75,NULL),(2400,'3',NULL,2,75,NULL),(2401,'3',NULL,2,75,NULL),(2402,'3',NULL,2,75,NULL),(2403,'3',NULL,2,75,NULL),(2404,'3',NULL,2,75,NULL),(2405,'3',NULL,2,75,NULL),(2406,'3',NULL,2,75,NULL),(2407,'3',NULL,2,75,NULL),(2408,'3',NULL,2,75,NULL),(2409,'3',NULL,2,75,NULL),(2410,'3',NULL,2,75,NULL),(2411,'3',NULL,2,75,NULL),(2412,'3',NULL,2,75,NULL),(2413,'3',NULL,2,75,NULL),(2414,'3',NULL,2,75,NULL),(2415,'3',NULL,2,75,NULL),(2416,'3',NULL,2,75,NULL),(2417,'3',NULL,2,75,NULL),(2418,'3',NULL,2,75,NULL),(2419,'3',NULL,2,75,NULL),(2420,'3',NULL,2,75,NULL),(2421,'3',NULL,2,75,NULL),(2422,'3',NULL,2,75,NULL),(2423,'3',NULL,2,75,NULL),(2424,'3',NULL,2,75,NULL),(2425,'3',NULL,2,75,NULL),(2426,'3',NULL,2,75,NULL),(2427,'3',NULL,2,75,NULL),(2428,'3',NULL,2,75,NULL),(2429,'3',NULL,2,75,NULL),(2430,'3',NULL,2,75,NULL),(2431,'3',NULL,2,75,NULL),(2432,'3',NULL,2,75,NULL),(2433,'3',NULL,2,75,NULL),(2434,'3',NULL,2,75,NULL),(2435,'3',NULL,2,75,NULL),(2436,'3',NULL,2,75,NULL),(2437,'3',NULL,2,75,NULL),(2438,'3',NULL,2,75,NULL),(2439,'3',NULL,2,75,NULL),(2440,'3',NULL,2,75,NULL),(2441,'3',NULL,2,75,NULL),(2442,'3',NULL,2,75,NULL),(2443,'3',NULL,2,75,NULL),(2444,'3',NULL,2,75,NULL),(2445,'3',NULL,2,75,NULL),(2446,'3',NULL,2,75,NULL),(2447,'3',NULL,2,75,NULL),(2448,'3',NULL,2,75,NULL),(2449,'3',NULL,2,75,NULL),(2450,'3',NULL,2,75,NULL),(2451,'3',NULL,2,75,NULL),(2452,'3',NULL,2,75,NULL),(2453,'3',NULL,2,75,NULL),(2454,'3',NULL,2,75,NULL),(2455,'3',NULL,2,75,NULL),(2456,'3',NULL,2,75,NULL),(2457,'3',NULL,2,75,NULL),(2458,'3',NULL,2,75,NULL),(2459,'3',NULL,2,75,NULL),(2460,'3',NULL,2,75,NULL),(2461,'3',NULL,2,75,NULL),(2462,'3',NULL,2,75,NULL),(2463,'3',NULL,2,75,NULL),(2464,'3',NULL,2,75,NULL),(2465,'3',NULL,2,75,NULL),(2466,'3',NULL,2,75,NULL),(2467,'3',NULL,2,75,NULL),(2468,'3',NULL,2,75,NULL),(2469,'3',NULL,2,75,NULL),(2470,'3',NULL,2,75,NULL),(2471,'3',NULL,2,75,NULL),(2472,'3',NULL,2,75,NULL),(2473,'3',NULL,2,75,NULL),(2474,'3',NULL,2,75,NULL),(2475,'3',NULL,2,75,NULL),(2476,'3',NULL,2,75,NULL),(2477,'3',NULL,2,75,NULL),(2478,'3',NULL,2,75,NULL),(2479,'3',NULL,2,75,NULL),(2480,'3',NULL,2,75,NULL),(2481,'3',NULL,2,75,NULL),(2482,'3',NULL,2,75,NULL),(2483,'3',NULL,2,75,NULL),(2484,'3',NULL,2,75,NULL),(2485,'3',NULL,2,75,NULL),(2486,'3',NULL,2,75,NULL),(2487,'3',NULL,2,75,NULL),(2488,'3',NULL,2,75,NULL),(2489,'3',NULL,2,75,NULL),(2490,'3',NULL,2,75,NULL),(2491,'3',NULL,2,75,NULL),(2492,'3',NULL,2,75,NULL),(2493,'3',NULL,2,75,NULL),(2494,'3',NULL,2,75,NULL),(2495,'3',NULL,2,75,NULL),(2496,'3',NULL,2,75,NULL),(2497,'3',NULL,2,75,NULL),(2498,'3',NULL,2,75,NULL),(2499,'3',NULL,2,75,NULL),(2500,'3',NULL,2,75,NULL),(2501,'3',NULL,2,75,NULL),(2502,'3',NULL,2,75,NULL),(2503,'3',NULL,2,75,NULL),(2504,'3',NULL,2,75,NULL),(2505,'3',NULL,2,75,NULL),(2506,'3',NULL,2,75,NULL),(2507,'3',NULL,2,75,NULL),(2508,'3',NULL,2,75,NULL),(2509,'3',NULL,2,75,NULL),(2510,'3',NULL,2,75,NULL),(2511,'3',NULL,2,75,NULL),(2512,'3',NULL,2,75,NULL),(2513,'3',NULL,2,75,NULL),(2514,'3',NULL,2,75,NULL),(2515,'3',NULL,2,75,NULL),(2516,'3',NULL,2,75,NULL),(2517,'3',NULL,2,75,NULL),(2518,'3',NULL,2,75,NULL),(2519,'3',NULL,2,75,NULL),(2520,'3',NULL,2,75,NULL),(2521,'3',NULL,2,75,NULL),(2522,'3',NULL,2,75,NULL),(2523,'3',NULL,2,75,NULL),(2524,'3',NULL,2,75,NULL),(2525,'3',NULL,2,75,NULL),(2526,'3',NULL,2,75,NULL),(2527,'3',NULL,2,75,NULL),(2528,'3',NULL,2,75,NULL),(2529,'3',NULL,2,75,NULL),(2530,'3',NULL,2,75,NULL),(2531,'3',NULL,2,75,NULL),(2532,'3',NULL,2,75,NULL),(2533,'3',NULL,2,75,NULL),(2534,'3',NULL,2,75,NULL),(2535,'3',NULL,2,75,NULL),(2536,'3',NULL,2,75,NULL),(2537,'3',NULL,2,75,NULL),(2538,'3',NULL,2,75,NULL),(2539,'3',NULL,2,75,NULL),(2540,'3',NULL,2,75,NULL),(2541,'3',NULL,2,75,NULL),(2542,'3',NULL,2,75,NULL),(2543,'3',NULL,2,75,NULL),(2544,'3',NULL,2,75,NULL),(2545,'3',NULL,2,75,NULL),(2546,'3',NULL,2,75,NULL),(2547,'3',NULL,2,75,NULL),(2548,'3',NULL,2,75,NULL),(2549,'3',NULL,2,75,NULL),(2550,'3',NULL,2,75,NULL),(2551,'3',NULL,2,75,NULL),(2552,'3',NULL,2,75,NULL),(2553,'3',NULL,2,75,NULL),(2554,'3',NULL,2,75,NULL),(2555,'3',NULL,2,75,NULL),(2556,'3',NULL,2,75,NULL),(2557,'3',NULL,2,75,NULL),(2558,'3',NULL,2,75,NULL),(2559,'3',NULL,2,75,NULL),(2560,'3',NULL,2,75,NULL),(2561,'3',NULL,2,75,NULL),(2562,'3',NULL,2,75,NULL),(2563,'3',NULL,2,75,NULL),(2564,'3',NULL,2,75,NULL),(2565,'3',NULL,2,75,NULL),(2566,'3',NULL,2,75,NULL),(2567,'3',NULL,2,75,NULL),(2568,'3',NULL,2,75,NULL),(2569,'3',NULL,2,75,NULL),(2570,'3',NULL,2,75,NULL),(2571,'3',NULL,2,75,NULL),(2572,'3',NULL,2,75,NULL),(2573,'3',NULL,2,75,NULL),(2574,'3',NULL,2,75,NULL),(2575,'3',NULL,2,75,NULL),(2576,'3',NULL,2,75,NULL),(2577,'3',NULL,2,75,NULL),(2578,'3',NULL,2,75,NULL),(2579,'3',NULL,2,75,NULL),(2580,'3',NULL,2,75,NULL),(2581,'3',NULL,2,75,NULL),(2582,'3',NULL,2,75,NULL),(2583,'3',NULL,2,75,NULL),(2584,'3',NULL,2,75,NULL),(2585,'3',NULL,2,75,NULL),(2586,'3',NULL,2,75,NULL),(2587,'3',NULL,2,75,NULL),(2588,'3',NULL,2,75,NULL),(2589,'3',NULL,2,75,NULL),(2590,'3',NULL,2,75,NULL),(2591,'3',NULL,2,75,NULL),(2592,'3',NULL,2,75,NULL),(2593,'3',NULL,2,75,NULL),(2594,'3',NULL,2,75,NULL),(2595,'3',NULL,2,75,NULL),(2596,'3',NULL,2,75,NULL),(2597,'3',NULL,2,75,NULL),(2598,'3',NULL,2,75,NULL),(2599,'3',NULL,2,75,NULL),(2600,'3',NULL,2,75,NULL),(2601,'3',NULL,2,75,NULL),(2602,'3',NULL,2,75,NULL),(2603,'3',NULL,2,75,NULL),(2604,'3',NULL,2,75,NULL),(2605,'3',NULL,2,75,NULL),(2606,'3',NULL,2,75,NULL),(2607,'3',NULL,2,75,NULL),(2608,'3',NULL,2,75,NULL),(2609,'3',NULL,2,75,NULL),(2610,'3',NULL,2,75,NULL),(2611,'3',NULL,2,75,NULL),(2612,'3',NULL,2,75,NULL),(2613,'3',NULL,2,75,NULL),(2614,'3',NULL,2,75,NULL),(2615,'3',NULL,2,75,NULL),(2616,'3',NULL,2,75,NULL),(2617,'3',NULL,2,75,NULL),(2618,'3',NULL,2,75,NULL),(2619,'3',NULL,2,75,NULL),(2620,'3',NULL,2,75,NULL),(2621,'3',NULL,2,75,NULL),(2622,'3',NULL,2,75,NULL),(2623,'3',NULL,2,75,NULL),(2624,'3',NULL,2,75,NULL),(2625,'3',NULL,2,75,NULL),(2626,'3',NULL,2,75,NULL),(2627,'3',NULL,2,75,NULL),(2628,'3',NULL,2,75,NULL),(2629,'3',NULL,2,75,NULL),(2630,'3',NULL,2,75,NULL),(2631,'3',NULL,2,75,NULL),(2632,'3',NULL,2,75,NULL),(2633,'3',NULL,2,75,NULL),(2634,'3',NULL,2,75,NULL),(2635,'3',NULL,2,75,NULL),(2636,'3',NULL,2,75,NULL),(2637,'3',NULL,2,75,NULL),(2638,'3',NULL,2,75,NULL),(2639,'3',NULL,2,75,NULL),(2640,'3',NULL,2,75,NULL),(2641,'3',NULL,2,75,NULL),(2642,'3',NULL,2,75,NULL),(2643,'3',NULL,2,75,NULL),(2644,'3',NULL,2,75,NULL),(2645,'3',NULL,2,75,NULL),(2646,'3',NULL,2,75,NULL),(2647,'3',NULL,2,75,NULL),(2648,'3',NULL,2,75,NULL),(2649,'3',NULL,2,75,NULL),(2650,'3',NULL,2,75,NULL),(2651,'3',NULL,2,75,NULL),(2652,'3',NULL,2,75,NULL),(2653,'3',NULL,2,75,NULL),(2654,'3',NULL,2,75,NULL),(2655,'3',NULL,2,75,NULL),(2656,'3',NULL,2,75,NULL),(2657,'3',NULL,2,75,NULL),(2658,'3',NULL,2,75,NULL),(2659,'3',NULL,2,75,NULL),(2660,'3',NULL,2,75,NULL),(2661,'3',NULL,2,75,NULL),(2662,'3',NULL,2,75,NULL),(2663,'3',NULL,2,75,NULL),(2664,'3',NULL,2,75,NULL),(2665,'3',NULL,2,75,NULL),(2666,'3',NULL,2,75,NULL),(2667,'3',NULL,2,75,NULL),(2668,'3',NULL,2,75,NULL),(2669,'3',NULL,2,75,NULL),(2670,'3',NULL,2,75,NULL),(2671,'3',NULL,2,75,NULL),(2672,'3',NULL,2,75,NULL),(2673,'3',NULL,2,75,NULL),(2674,'3',NULL,2,75,NULL),(2675,'3',NULL,2,75,NULL),(2676,'3',NULL,2,75,NULL),(2677,'3',NULL,2,75,NULL),(2678,'3',NULL,2,75,NULL),(2679,'3',NULL,2,75,NULL),(2680,'3',NULL,2,75,NULL),(2681,'3',NULL,2,75,NULL),(2682,'3',NULL,2,75,NULL),(2683,'3',NULL,2,75,NULL),(2684,'3',NULL,2,75,NULL),(2685,'3',NULL,2,75,NULL),(2686,'3',NULL,2,75,NULL),(2687,'3',NULL,2,75,NULL),(2688,'3',NULL,2,75,NULL),(2689,'3',NULL,2,75,NULL),(2690,'3',NULL,2,75,NULL),(2691,'3',NULL,2,75,NULL),(2692,'3',NULL,2,75,NULL),(2693,'3',NULL,2,75,NULL),(2694,'3',NULL,2,75,NULL),(2695,'3',NULL,2,75,NULL),(2696,'3',NULL,2,75,NULL),(2697,'3',NULL,2,75,NULL),(2698,'3',NULL,2,75,NULL),(2699,'3',NULL,2,75,NULL),(2700,'3',NULL,2,75,NULL),(2701,'3',NULL,2,75,NULL),(2702,'3',NULL,2,75,NULL),(2703,'3',NULL,2,75,NULL),(2704,'3',NULL,2,75,NULL),(2705,'3',NULL,2,75,NULL),(2706,'3',NULL,2,75,NULL),(2707,'3',NULL,2,75,NULL),(2708,'3',NULL,2,75,NULL),(2709,'3',NULL,2,75,NULL),(2710,'3',NULL,2,75,NULL),(2711,'3',NULL,2,75,NULL),(2712,'3',NULL,2,75,NULL),(2713,'3',NULL,2,75,NULL),(2714,'3',NULL,2,75,NULL),(2715,'3',NULL,2,75,NULL),(2716,'3',NULL,2,75,NULL),(2717,'3',NULL,2,75,NULL),(2718,'3',NULL,2,75,NULL),(2719,'3',NULL,2,75,NULL),(2720,'3',NULL,2,75,NULL),(2721,'3',NULL,2,75,NULL),(2722,'3',NULL,2,75,NULL),(2723,'3',NULL,2,75,NULL),(2724,'3',NULL,2,75,NULL),(2725,'3',NULL,2,75,NULL),(2726,'3',NULL,2,75,NULL),(2727,'3',NULL,2,75,NULL),(2728,'3',NULL,2,75,NULL),(2729,'3',NULL,2,75,NULL),(2730,'3',NULL,2,75,NULL),(2731,'3',NULL,2,75,NULL),(2732,'3',NULL,2,75,NULL),(2733,'3',NULL,2,75,NULL),(2734,'3',NULL,2,75,NULL),(2735,'3',NULL,2,75,NULL),(2736,'3',NULL,2,75,NULL),(2737,'3',NULL,2,75,NULL),(2738,'3',NULL,2,75,NULL),(2739,'3',NULL,2,75,NULL),(2740,'3',NULL,2,75,NULL),(2741,'3',NULL,2,75,NULL),(2742,'3',NULL,2,75,NULL),(2743,'3',NULL,2,75,NULL),(2744,'3',NULL,2,75,NULL),(2745,'3',NULL,2,75,NULL),(2746,'3',NULL,2,75,NULL),(2747,'3',NULL,2,75,NULL),(2748,'3',NULL,2,75,NULL),(2749,'3',NULL,2,75,NULL),(2750,'3',NULL,2,75,NULL),(2751,'3',NULL,2,75,NULL),(2752,'3',NULL,2,75,NULL),(2753,'3',NULL,2,75,NULL),(2754,'3',NULL,2,75,NULL),(2755,'3',NULL,2,75,NULL),(2756,'3',NULL,2,75,NULL),(2757,'3',NULL,2,75,NULL),(2758,'3',NULL,2,75,NULL),(2759,'3',NULL,2,75,NULL),(2760,'3',NULL,2,75,NULL),(2761,'3',NULL,2,75,NULL),(2762,'3',NULL,2,75,NULL),(2763,'3',NULL,2,75,NULL),(2764,'3',NULL,2,75,NULL),(2765,'3',NULL,2,75,NULL),(2766,'3',NULL,2,75,NULL),(2767,'3',NULL,2,75,NULL),(2768,'3',NULL,2,75,NULL),(2769,'3',NULL,2,75,NULL),(2770,'3',NULL,2,75,NULL),(2771,'3',NULL,2,75,NULL),(2772,'3',NULL,2,75,NULL),(2773,'3',NULL,2,75,NULL),(2774,'3',NULL,2,75,NULL),(2775,'3',NULL,2,75,NULL),(2776,'3',NULL,2,75,NULL),(2777,'3',NULL,2,75,NULL),(2778,'3',NULL,2,75,NULL),(2779,'3',NULL,2,75,NULL),(2780,'3',NULL,2,75,NULL),(2781,'3',NULL,2,75,NULL),(2782,'3',NULL,2,75,NULL),(2783,'3',NULL,2,75,NULL),(2784,'3',NULL,2,75,NULL),(2785,'3',NULL,2,75,NULL),(2786,'3',NULL,2,75,NULL),(2787,'3',NULL,2,75,NULL),(2788,'3',NULL,2,75,NULL),(2789,'3',NULL,2,75,NULL),(2790,'3',NULL,2,75,NULL),(2791,'3',NULL,2,75,NULL),(2792,'3',NULL,2,75,NULL),(2793,'3',NULL,2,75,NULL),(2794,'3',NULL,2,75,NULL),(2795,'3',NULL,2,75,NULL),(2796,'3',NULL,2,75,NULL),(2797,'3',NULL,2,75,NULL),(2798,'3',NULL,2,75,NULL),(2799,'3',NULL,2,75,NULL),(2800,'3',NULL,2,75,NULL),(2801,'3',NULL,2,75,NULL),(2802,'3',NULL,2,75,NULL),(2803,'3',NULL,2,75,NULL),(2804,'3',NULL,2,75,NULL),(2805,'3',NULL,2,75,NULL),(2806,'3',NULL,2,75,NULL),(2807,'3',NULL,2,75,NULL),(2808,'3',NULL,2,75,NULL),(2809,'3',NULL,2,75,NULL),(2810,'3',NULL,2,75,NULL),(2811,'3',NULL,2,75,NULL),(2812,'3',NULL,2,75,NULL),(2813,'3',NULL,2,75,NULL),(2814,'3',NULL,2,75,NULL),(2815,'3',NULL,2,75,NULL),(2816,'3',NULL,2,75,NULL),(2817,'3',NULL,2,75,NULL),(2818,'3',NULL,2,75,NULL),(2819,'3',NULL,2,75,NULL),(2820,'3',NULL,2,75,NULL),(2821,'3',NULL,2,75,NULL),(2822,'3',NULL,2,75,NULL),(2823,'3',NULL,2,75,NULL),(2824,'3',NULL,2,75,NULL),(2825,'3',NULL,2,75,NULL),(2826,'3',NULL,2,75,NULL),(2827,'3',NULL,2,75,NULL),(2828,'3',NULL,2,75,NULL),(2829,'3',NULL,2,75,NULL),(2830,'3',NULL,2,75,NULL),(2831,'3',NULL,2,75,NULL),(2832,'3',NULL,2,75,NULL),(2833,'3',NULL,2,75,NULL),(2834,'3',NULL,2,75,NULL),(2835,'3',NULL,2,75,NULL),(2836,'3',NULL,2,75,NULL),(2837,'3',NULL,2,75,NULL),(2838,'3',NULL,2,75,NULL),(2839,'3',NULL,2,75,NULL),(2840,'3',NULL,2,75,NULL),(2841,'3',NULL,2,75,NULL),(2842,'3',NULL,2,75,NULL),(2843,'3',NULL,2,75,NULL),(2844,'3',NULL,2,75,NULL),(2845,'3',NULL,2,75,NULL),(2846,'3',NULL,2,75,NULL),(2847,'3',NULL,2,75,NULL),(2848,'3',NULL,2,75,NULL),(2849,'3',NULL,2,75,NULL),(2850,'3',NULL,2,75,NULL),(2851,'3',NULL,2,75,NULL),(2852,'3',NULL,2,75,NULL),(2853,'3',NULL,2,75,NULL),(2854,'3',NULL,2,75,NULL),(2855,'3',NULL,2,75,NULL),(2856,'3',NULL,2,75,NULL),(2857,'3',NULL,2,75,NULL),(2858,'3',NULL,2,75,NULL),(2859,'3',NULL,2,75,NULL),(2860,'3',NULL,2,75,NULL),(2861,'3',NULL,2,75,NULL),(2862,'3',NULL,2,75,NULL),(2863,'3',NULL,2,75,NULL),(2864,'3',NULL,2,75,NULL),(2865,'3',NULL,2,75,NULL),(2866,'3',NULL,2,75,NULL),(2867,'3',NULL,2,75,NULL),(2868,'3',NULL,2,75,NULL),(2869,'3',NULL,2,75,NULL),(2870,'3',NULL,2,75,NULL),(2871,'3',NULL,2,75,NULL),(2872,'3',NULL,2,75,NULL),(2873,'3',NULL,2,75,NULL),(2874,'3',NULL,2,75,NULL),(2875,'3',NULL,2,75,NULL),(2876,'3',NULL,2,75,NULL),(2877,'3',NULL,2,75,NULL),(2878,'3',NULL,2,75,NULL),(2879,'3',NULL,2,75,NULL),(2880,'3',NULL,2,75,NULL),(2881,'3',NULL,2,75,NULL),(2882,'3',NULL,2,75,NULL),(2883,'3',NULL,2,75,NULL),(2884,'3',NULL,2,75,NULL),(2885,'3',NULL,2,75,NULL),(2886,'3',NULL,2,75,NULL),(2887,'3',NULL,2,75,NULL),(2888,'3',NULL,2,75,NULL),(2889,'3',NULL,2,75,NULL),(2890,'3',NULL,2,75,NULL),(2891,'3',NULL,2,75,NULL),(2892,'3',NULL,2,75,NULL),(2893,'3',NULL,2,75,NULL),(2894,'3',NULL,2,75,NULL),(2895,'3',NULL,2,75,NULL),(2896,'3',NULL,2,75,NULL),(2897,'3',NULL,2,75,NULL),(2898,'3',NULL,2,75,NULL),(2899,'3',NULL,2,75,NULL),(2900,'3',NULL,2,75,NULL),(2901,'3',NULL,2,75,NULL),(2902,'3',NULL,2,75,NULL),(2903,'3',NULL,2,75,NULL),(2904,'3',NULL,2,75,NULL),(2905,'3',NULL,2,75,NULL),(2906,'3',NULL,2,75,NULL),(2907,'3',NULL,2,75,NULL),(2908,'3',NULL,2,75,NULL),(2909,'3',NULL,2,75,NULL),(2910,'3',NULL,2,75,NULL),(2911,'3',NULL,2,75,NULL),(2912,'3',NULL,2,75,NULL),(2913,'3',NULL,2,75,NULL),(2914,'3',NULL,2,75,NULL),(2915,'3',NULL,2,75,NULL),(2916,'3',NULL,2,75,NULL),(2917,'3',NULL,2,75,NULL),(2918,'3',NULL,2,75,NULL),(2919,'3',NULL,2,75,NULL),(2920,'3',NULL,2,75,NULL),(2921,'3',NULL,2,75,NULL),(2922,'3',NULL,2,75,NULL),(2923,'3',NULL,2,75,NULL),(2924,'3',NULL,2,75,NULL),(2925,'3',NULL,2,75,NULL),(2926,'3',NULL,2,75,NULL),(2927,'3',NULL,2,75,NULL),(2928,'3',NULL,2,75,NULL),(2929,'3',NULL,2,75,NULL),(2930,'3',NULL,2,75,NULL),(2931,'3',NULL,2,75,NULL),(2932,'3',NULL,2,75,NULL),(2933,'3',NULL,2,75,NULL),(2934,'3',NULL,2,75,NULL),(2935,'3',NULL,2,75,NULL),(2936,'3',NULL,2,75,NULL),(2937,'3',NULL,2,75,NULL),(2938,'3',NULL,2,75,NULL),(2939,'3',NULL,2,75,NULL),(2940,'3',NULL,2,75,NULL),(2941,'3',NULL,2,75,NULL),(2942,'3',NULL,2,75,NULL),(2943,'3',NULL,2,75,NULL),(2944,'3',NULL,2,75,NULL),(2945,'3',NULL,2,75,NULL),(2946,'3',NULL,2,75,NULL),(2947,'3',NULL,2,75,NULL),(2948,'3',NULL,2,75,NULL),(2949,'3',NULL,2,75,NULL),(2950,'3',NULL,2,75,NULL),(2951,'3',NULL,2,75,NULL),(2952,'3',NULL,2,75,NULL),(2953,'3',NULL,2,75,NULL),(2954,'3',NULL,2,75,NULL),(2955,'3',NULL,2,75,NULL),(2956,'3',NULL,2,75,NULL),(2957,'3',NULL,2,75,NULL),(2958,'3',NULL,2,75,NULL),(2959,'3',NULL,2,75,NULL),(2960,'3',NULL,2,75,NULL),(2961,'3',NULL,2,75,NULL),(2962,'3',NULL,2,75,NULL),(2963,'3',NULL,2,75,NULL),(2964,'3',NULL,2,75,NULL),(2965,'3',NULL,2,75,NULL),(2966,'3',NULL,2,75,NULL),(2967,'3',NULL,2,75,NULL),(2968,'3',NULL,2,75,NULL),(2969,'3',NULL,2,75,NULL),(2970,'3',NULL,2,75,NULL),(2971,'3',NULL,2,75,NULL),(2972,'3',NULL,2,75,NULL),(2973,'3',NULL,2,75,NULL),(2974,'3',NULL,2,75,NULL),(2975,'3',NULL,2,75,NULL),(2976,'3',NULL,2,75,NULL),(2977,'3',NULL,2,75,NULL),(2978,'3',NULL,2,75,NULL),(2979,'3',NULL,2,75,NULL),(2980,'3',NULL,2,75,NULL),(2981,'3',NULL,2,75,NULL),(2982,'3',NULL,2,75,NULL),(2983,'3',NULL,2,75,NULL),(2984,'3',NULL,2,75,NULL),(2985,'3',NULL,2,75,NULL),(2986,'3',NULL,2,75,NULL),(2987,'3',NULL,2,75,NULL),(2988,'3',NULL,2,75,NULL),(2989,'3',NULL,2,75,NULL),(2990,'3',NULL,2,75,NULL),(2991,'3',NULL,2,75,NULL),(2992,'3',NULL,2,75,NULL),(2993,'3',NULL,2,75,NULL),(2994,'3',NULL,2,75,NULL),(2995,'3',NULL,2,75,NULL),(2996,'3',NULL,2,75,NULL),(2997,'3',NULL,2,75,NULL),(2998,'3',NULL,2,75,NULL),(2999,'3',NULL,2,75,NULL),(3000,'3',NULL,2,75,NULL),(3001,'3',NULL,2,75,NULL),(3002,'3',NULL,2,75,NULL),(3003,'3',NULL,2,75,NULL),(3004,'3',NULL,2,75,NULL),(3005,'3',NULL,2,75,NULL),(3006,'3',NULL,2,75,NULL),(3007,'3',NULL,2,75,NULL),(3008,'3',NULL,2,75,NULL),(3009,'3',NULL,2,75,NULL),(3010,'3',NULL,2,75,NULL),(3011,'3',NULL,2,75,NULL),(3012,'3',NULL,2,75,NULL),(3013,'3',NULL,2,75,NULL),(3014,'3',NULL,2,75,NULL),(3015,'3',NULL,2,75,NULL),(3016,'3',NULL,2,75,NULL),(3017,'3',NULL,2,75,NULL),(3018,'3',NULL,2,75,NULL),(3019,'3',NULL,2,75,NULL),(3020,'3',NULL,2,75,NULL),(3021,'3',NULL,2,75,NULL),(3022,'3',NULL,2,75,NULL),(3023,'3',NULL,2,75,NULL),(3024,'3',NULL,2,75,NULL),(3025,'3',NULL,2,75,NULL),(3026,'3',NULL,2,75,NULL),(3027,'3',NULL,2,75,NULL),(3028,'3',NULL,2,75,NULL),(3029,'3',NULL,2,75,NULL),(3030,'3',NULL,2,75,NULL),(3031,'3',NULL,2,75,NULL),(3032,'3',NULL,2,75,NULL),(3033,'3',NULL,2,75,NULL),(3034,'3',NULL,2,75,NULL),(3035,'3',NULL,2,75,NULL),(3036,'3',NULL,2,75,NULL),(3037,'3',NULL,2,75,NULL),(3038,'3',NULL,2,75,NULL),(3039,'3',NULL,2,75,NULL),(3040,'3',NULL,2,75,NULL),(3041,'3',NULL,2,75,NULL),(3042,'3',NULL,2,75,NULL),(3043,'3',NULL,2,75,NULL),(3044,'3',NULL,2,75,NULL),(3045,'3',NULL,2,75,NULL),(3046,'3',NULL,2,75,NULL),(3047,'3',NULL,2,75,NULL),(3048,'3',NULL,2,75,NULL),(3049,'3',NULL,2,75,NULL),(3050,'3',NULL,2,75,NULL),(3051,'3',NULL,2,75,NULL),(3052,'3',NULL,2,75,NULL),(3053,'3',NULL,2,75,NULL),(3054,'3',NULL,2,75,NULL),(3055,'3',NULL,2,75,NULL),(3056,'3',NULL,2,75,NULL),(3057,'3',NULL,2,75,NULL),(3058,'3',NULL,2,75,NULL),(3059,'3',NULL,2,75,NULL),(3060,'3',NULL,2,75,NULL),(3061,'3',NULL,2,75,NULL),(3062,'3',NULL,2,75,NULL),(3063,'3',NULL,2,75,NULL),(3064,'3',NULL,2,75,NULL),(3065,'3',NULL,2,75,NULL),(3066,'3',NULL,2,75,NULL),(3067,'3',NULL,2,75,NULL),(3068,'3',NULL,2,75,NULL),(3069,'3',NULL,2,75,NULL),(3070,'3',NULL,2,75,NULL),(3071,'3',NULL,2,75,NULL),(3072,'3',NULL,2,75,NULL),(3073,'3',NULL,2,75,NULL),(3074,'3',NULL,2,75,NULL),(3075,'3',NULL,2,75,NULL),(3076,'3',NULL,2,75,NULL),(3077,'3',NULL,2,75,NULL),(3078,'3',NULL,2,75,NULL),(3079,'3',NULL,2,75,NULL),(3080,'3',NULL,2,75,NULL),(3081,'3',NULL,2,75,NULL),(3082,'3',NULL,2,75,NULL),(3083,'3',NULL,2,75,NULL),(3084,'3',NULL,2,75,NULL),(3085,'3',NULL,2,75,NULL),(3086,'3',NULL,2,75,NULL),(3087,'3',NULL,2,75,NULL),(3088,'3',NULL,2,75,NULL),(3089,'3',NULL,2,75,NULL),(3090,'3',NULL,2,75,NULL),(3091,'3',NULL,2,75,NULL),(3092,'3',NULL,2,75,NULL),(3093,'3',NULL,2,75,NULL),(3094,'3',NULL,2,75,NULL),(3095,'3',NULL,2,75,NULL),(3096,'3',NULL,2,75,NULL),(3097,'3',NULL,2,75,NULL),(3098,'3',NULL,2,75,NULL),(3099,'3',NULL,2,75,NULL),(3100,'3',NULL,2,75,NULL),(3101,'3',NULL,2,75,NULL),(3102,'3',NULL,2,75,NULL),(3103,'3',NULL,2,75,NULL),(3104,'3',NULL,2,75,NULL),(3105,'3',NULL,2,75,NULL),(3106,'3',NULL,2,75,NULL),(3107,'3',NULL,2,75,NULL),(3108,'3',NULL,2,75,NULL),(3109,'3',NULL,2,75,NULL),(3110,'3',NULL,2,75,NULL),(3111,'3',NULL,2,75,NULL),(3112,'3',NULL,2,75,NULL),(3113,'3',NULL,2,75,NULL),(3114,'3',NULL,2,75,NULL),(3115,'3',NULL,2,75,NULL),(3116,'3',NULL,2,75,NULL),(3117,'3',NULL,2,75,NULL),(3118,'3',NULL,2,75,NULL),(3119,'3',NULL,2,75,NULL),(3120,'3',NULL,2,75,NULL),(3121,'3',NULL,2,75,NULL),(3122,'3',NULL,2,75,NULL),(3123,'3',NULL,2,75,NULL),(3124,'3',NULL,2,75,NULL),(3125,'3',NULL,2,75,NULL),(3126,'3',NULL,2,75,NULL),(3127,'3',NULL,2,75,NULL),(3128,'3',NULL,2,75,NULL),(3129,'3',NULL,2,75,NULL),(3130,'3',NULL,2,75,NULL),(3131,'3',NULL,2,75,NULL),(3132,'3',NULL,2,75,NULL),(3133,'3',NULL,2,75,NULL),(3134,'3',NULL,2,75,NULL),(3135,'3',NULL,2,75,NULL),(3136,'3',NULL,2,75,NULL),(3137,'3',NULL,2,75,NULL),(3138,'3',NULL,2,75,NULL),(3139,'3',NULL,2,75,NULL),(3140,'3',NULL,2,75,NULL),(3141,'3',NULL,2,75,NULL),(3142,'3',NULL,2,75,NULL),(3143,'3',NULL,2,75,NULL),(3144,'3',NULL,2,75,NULL),(3145,'3',NULL,2,75,NULL),(3146,'3',NULL,2,75,NULL),(3147,'3',NULL,2,75,NULL),(3148,'3',NULL,2,75,NULL),(3149,'3',NULL,2,75,NULL),(3150,'3',NULL,2,75,NULL),(3151,'3',NULL,2,75,NULL),(3152,'3',NULL,2,75,NULL),(3153,'3',NULL,2,75,NULL),(3154,'3',NULL,2,75,NULL),(3155,'3',NULL,2,75,NULL),(3156,'3',NULL,2,75,NULL),(3157,'3',NULL,2,75,NULL),(3158,'3',NULL,2,75,NULL),(3159,'3',NULL,2,75,NULL),(3160,'3',NULL,2,75,NULL),(3161,'3',NULL,2,75,NULL),(3162,'3',NULL,2,75,NULL),(3163,'3',NULL,2,75,NULL),(3164,'3',NULL,2,75,NULL),(3165,'3',NULL,2,75,NULL),(3166,'3',NULL,2,75,NULL),(3167,'3',NULL,2,75,NULL),(3168,'3',NULL,2,75,NULL),(3169,'3',NULL,2,75,NULL),(3170,'3',NULL,2,75,NULL),(3171,'3',NULL,2,75,NULL),(3172,'3',NULL,2,75,NULL),(3173,'3',NULL,2,75,NULL),(3174,'3',NULL,2,75,NULL),(3175,'3',NULL,2,75,NULL),(3176,'3',NULL,2,75,NULL),(3177,'3',NULL,2,75,NULL),(3178,'3',NULL,2,75,NULL),(3179,'3',NULL,2,75,NULL),(3180,'3',NULL,2,75,NULL),(3181,'3',NULL,2,75,NULL),(3182,'3',NULL,2,75,NULL),(3183,'3',NULL,2,75,NULL),(3184,'3',NULL,2,75,NULL),(3185,'3',NULL,2,75,NULL),(3186,'3',NULL,2,75,NULL),(3187,'3',NULL,2,75,NULL),(3188,'3',NULL,2,75,NULL),(3189,'3',NULL,2,75,NULL),(3190,'3',NULL,2,75,NULL),(3191,'3',NULL,2,75,NULL),(3192,'3',NULL,2,75,NULL),(3193,'3',NULL,2,75,NULL),(3194,'3',NULL,2,75,NULL),(3195,'3',NULL,2,75,NULL),(3196,'3',NULL,2,75,NULL),(3197,'3',NULL,2,75,NULL),(3198,'3',NULL,2,75,NULL),(3199,'3',NULL,2,75,NULL),(3200,'3',NULL,2,75,NULL),(3201,'3',NULL,2,75,NULL),(3202,'3',NULL,2,75,NULL),(3203,'3',NULL,2,75,NULL),(3204,'3',NULL,2,75,NULL),(3205,'3',NULL,2,75,NULL),(3206,'3',NULL,2,75,NULL),(3207,'3',NULL,2,75,NULL),(3208,'3',NULL,2,75,NULL),(3209,'3',NULL,2,75,NULL),(3210,'3',NULL,2,75,NULL),(3211,'3',NULL,2,75,NULL),(3212,'3',NULL,2,75,NULL),(3213,'3',NULL,2,75,NULL),(3214,'3',NULL,2,75,NULL),(3215,'3',NULL,2,75,NULL),(3216,'3',NULL,2,75,NULL),(3217,'3',NULL,2,75,NULL),(3218,'3',NULL,2,75,NULL),(3219,'3',NULL,2,75,NULL),(3220,'3',NULL,2,75,NULL),(3221,'3',NULL,2,75,NULL),(3222,'3',NULL,2,75,NULL),(3223,'3',NULL,2,75,NULL),(3224,'3',NULL,2,75,NULL),(3225,'3',NULL,2,75,NULL),(3226,'3',NULL,2,75,NULL),(3227,'3',NULL,2,75,NULL),(3228,'3',NULL,2,75,NULL),(3229,'3',NULL,2,75,NULL),(3230,'3',NULL,2,75,NULL),(3231,'3',NULL,2,75,NULL),(3232,'3',NULL,2,75,NULL),(3233,'3',NULL,2,75,NULL),(3234,'3',NULL,2,75,NULL),(3235,'3',NULL,2,75,NULL),(3236,'3',NULL,2,75,NULL),(3237,'3',NULL,2,75,NULL),(3238,'3',NULL,2,75,NULL),(3239,'3',NULL,2,75,NULL),(3240,'3',NULL,2,75,NULL),(3241,'3',NULL,2,75,NULL),(3242,'3',NULL,2,75,NULL),(3243,'3',NULL,2,75,NULL),(3244,'3',NULL,2,75,NULL),(3245,'3',NULL,2,75,NULL),(3246,'3',NULL,2,75,NULL),(3247,'3',NULL,2,75,NULL),(3248,'3',NULL,2,75,NULL),(3249,'3',NULL,2,75,NULL),(3250,'3',NULL,2,75,NULL),(3251,'3',NULL,2,75,NULL),(3252,'3',NULL,2,75,NULL),(3253,'3',NULL,2,75,NULL),(3254,'3',NULL,2,75,NULL),(3255,'3',NULL,2,75,NULL),(3256,'3',NULL,2,75,NULL),(3257,'3',NULL,2,75,NULL),(3258,'3',NULL,2,75,NULL),(3259,'3',NULL,2,75,NULL),(3260,'3',NULL,2,75,NULL),(3261,'3',NULL,2,75,NULL),(3262,'3',NULL,2,75,NULL),(3263,'3',NULL,2,75,NULL),(3264,'3',NULL,2,75,NULL),(3265,'3',NULL,2,75,NULL),(3266,'3',NULL,2,75,NULL),(3267,'3',NULL,2,75,NULL),(3268,'3',NULL,2,75,NULL),(3269,'3',NULL,2,75,NULL),(3270,'3',NULL,2,75,NULL),(3271,'3',NULL,2,75,NULL),(3272,'3',NULL,2,75,NULL),(3273,'3',NULL,2,75,NULL),(3274,'3',NULL,2,75,NULL),(3275,'3',NULL,2,75,NULL),(3276,'3',NULL,2,75,NULL),(3277,'3',NULL,2,75,NULL),(3278,'3',NULL,2,75,NULL),(3279,'3',NULL,2,75,NULL),(3280,'3',NULL,2,75,NULL),(3281,'3',NULL,2,75,NULL),(3282,'3',NULL,2,75,NULL),(3283,'3',NULL,2,75,NULL),(3284,'3',NULL,2,75,NULL),(3285,'3',NULL,2,75,NULL),(3286,'3',NULL,2,75,NULL),(3287,'3',NULL,2,75,NULL),(3288,'3',NULL,2,75,NULL),(3289,'3',NULL,2,75,NULL),(3290,'3',NULL,2,75,NULL),(3291,'3',NULL,2,75,NULL),(3292,'3',NULL,2,75,NULL),(3293,'3',NULL,2,75,NULL),(3294,'3',NULL,2,75,NULL),(3295,'3',NULL,2,75,NULL),(3296,'3',NULL,2,75,NULL),(3297,'3',NULL,2,75,NULL),(3298,'3',NULL,2,75,NULL),(3299,'3',NULL,2,75,NULL),(3300,'3',NULL,2,75,NULL),(3301,'3',NULL,2,75,NULL),(3302,'3',NULL,2,75,NULL),(3303,'3',NULL,2,75,NULL),(3304,'3',NULL,2,75,NULL),(3305,'3',NULL,2,75,NULL),(3306,'3',NULL,2,75,NULL),(3307,'3',NULL,2,75,NULL),(3308,'3',NULL,2,75,NULL),(3309,'3',NULL,2,75,NULL),(3310,'3',NULL,2,75,NULL),(3311,'3',NULL,2,75,NULL),(3312,'3',NULL,2,75,NULL),(3313,'3',NULL,2,75,NULL),(3314,'3',NULL,2,75,NULL),(3315,'3',NULL,2,75,NULL),(3316,'3',NULL,2,75,NULL),(3317,'3',NULL,2,75,NULL),(3318,'3',NULL,2,75,NULL),(3319,'3',NULL,2,75,NULL),(3320,'3',NULL,2,75,NULL),(3321,'3',NULL,2,75,NULL),(3322,'3',NULL,2,75,NULL),(3323,'3',NULL,2,75,NULL),(3324,'3',NULL,2,75,NULL),(3325,'3',NULL,2,75,NULL),(3326,'3',NULL,2,75,NULL),(3327,'3',NULL,2,75,NULL),(3328,'3',NULL,2,75,NULL),(3329,'3',NULL,2,75,NULL),(3330,'3',NULL,2,75,NULL),(3331,'3',NULL,2,75,NULL),(3332,'3',NULL,2,75,NULL),(3333,'3',NULL,2,75,NULL),(3334,'3',NULL,2,75,NULL),(3335,'3',NULL,2,75,NULL),(3336,'3',NULL,2,75,NULL),(3337,'3',NULL,2,75,NULL),(3338,'3',NULL,2,75,NULL),(3339,'3',NULL,2,75,NULL),(3340,'3',NULL,2,75,NULL),(3341,'3',NULL,2,75,NULL),(3342,'3',NULL,2,75,NULL),(3343,'3',NULL,2,75,NULL),(3344,'3',NULL,2,75,NULL),(3345,'3',NULL,2,75,NULL),(3346,'3',NULL,2,75,NULL),(3347,'3',NULL,2,75,NULL),(3348,'3',NULL,2,75,NULL),(3349,'3',NULL,2,75,NULL),(3350,'3',NULL,2,75,NULL),(3351,'3',NULL,2,75,NULL),(3352,'3',NULL,2,75,NULL),(3353,'3',NULL,2,75,NULL),(3354,'3',NULL,2,75,NULL),(3355,'3',NULL,2,75,NULL),(3356,'3',NULL,2,75,NULL),(3357,'3',NULL,2,75,NULL),(3358,'3',NULL,2,75,NULL),(3359,'3',NULL,2,75,NULL),(3360,'3',NULL,2,75,NULL),(3361,'3',NULL,2,75,NULL),(3362,'3',NULL,2,75,NULL),(3363,'3',NULL,2,75,NULL),(3364,'3',NULL,2,75,NULL),(3365,'3',NULL,2,75,NULL),(3366,'3',NULL,2,75,NULL),(3367,'3',NULL,2,75,NULL),(3368,'3',NULL,2,75,NULL),(3369,'3',NULL,2,75,NULL),(3370,'3',NULL,2,75,NULL),(3371,'3',NULL,2,75,NULL),(3372,'3',NULL,2,75,NULL),(3373,'3',NULL,2,75,NULL),(3374,'3',NULL,2,75,NULL),(3375,'3',NULL,2,75,NULL),(3376,'3',NULL,2,75,NULL),(3377,'3',NULL,2,75,NULL),(3378,'3',NULL,2,75,NULL),(3379,'3',NULL,2,75,NULL),(3380,'3',NULL,2,75,NULL),(3381,'3',NULL,2,75,NULL),(3382,'3',NULL,2,75,NULL),(3383,'3',NULL,2,75,NULL),(3384,'3',NULL,2,75,NULL),(3385,'3',NULL,2,75,NULL),(3386,'3',NULL,2,75,NULL),(3387,'3',NULL,2,75,NULL),(3388,'3',NULL,2,75,NULL),(3389,'3',NULL,2,75,NULL),(3390,'3',NULL,2,75,NULL),(3391,'3',NULL,2,75,NULL),(3392,'3',NULL,2,75,NULL),(3393,'3',NULL,2,75,NULL),(3394,'3',NULL,2,75,NULL),(3395,'3',NULL,2,75,NULL),(3396,'3',NULL,2,75,NULL),(3397,'3',NULL,2,75,NULL),(3398,'3',NULL,2,75,NULL),(3399,'3',NULL,2,75,NULL),(3400,'3',NULL,2,75,NULL),(3401,'3',NULL,2,75,NULL),(3402,'3',NULL,2,75,NULL),(3403,'3',NULL,2,75,NULL),(3404,'3',NULL,2,75,NULL),(3405,'3',NULL,2,75,NULL),(3406,'3',NULL,2,75,NULL),(3407,'3',NULL,2,75,NULL),(3408,'3',NULL,2,75,NULL),(3409,'3',NULL,2,75,NULL),(3410,'3',NULL,2,75,NULL),(3411,'3',NULL,2,75,NULL),(3412,'3',NULL,2,75,NULL),(3413,'3',NULL,2,75,NULL),(3414,'3',NULL,2,75,NULL),(3415,'3',NULL,2,75,NULL),(3416,'3',NULL,2,75,NULL),(3417,'3',NULL,2,75,NULL),(3418,'3',NULL,2,75,NULL),(3419,'3',NULL,2,75,NULL),(3420,'3',NULL,2,75,NULL),(3421,'3',NULL,2,75,NULL),(3422,'3',NULL,2,75,NULL),(3423,'3',NULL,2,75,NULL),(3424,'3',NULL,2,75,NULL),(3425,'3',NULL,2,75,NULL),(3426,'3',NULL,2,75,NULL),(3427,'3',NULL,2,75,NULL),(3428,'3',NULL,2,75,NULL),(3429,'3',NULL,2,75,NULL),(3430,'3',NULL,2,75,NULL),(3431,'3',NULL,2,75,NULL),(3432,'3',NULL,2,75,NULL),(3433,'3',NULL,2,75,NULL),(3434,'3',NULL,2,75,NULL),(3435,'3',NULL,2,75,NULL),(3436,'3',NULL,2,75,NULL),(3437,'3',NULL,2,75,NULL),(3438,'3',NULL,2,75,NULL),(3439,'3',NULL,2,75,NULL),(3440,'3',NULL,2,75,NULL),(3441,'3',NULL,2,75,NULL),(3442,'3',NULL,2,75,NULL),(3443,'3',NULL,2,75,NULL),(3444,'3',NULL,2,75,NULL),(3445,'3',NULL,2,75,NULL),(3446,'3',NULL,2,75,NULL),(3447,'3',NULL,2,75,NULL),(3448,'3',NULL,2,75,NULL),(3449,'3',NULL,2,75,NULL),(3450,'3',NULL,2,75,NULL),(3451,'3',NULL,2,75,NULL),(3452,'3',NULL,2,75,NULL),(3453,'3',NULL,2,75,NULL),(3454,'3',NULL,2,75,NULL),(3455,'3',NULL,2,75,NULL),(3456,'3',NULL,2,75,NULL),(3457,'3',NULL,2,75,NULL),(3458,'3',NULL,2,75,NULL),(3459,'3',NULL,2,75,NULL),(3460,'3',NULL,2,75,NULL),(3461,'3',NULL,2,75,NULL),(3462,'3',NULL,2,75,NULL),(3463,'3',NULL,2,75,NULL),(3464,'3',NULL,2,75,NULL),(3465,'3',NULL,2,75,NULL),(3466,'3',NULL,2,75,NULL),(3467,'3',NULL,2,75,NULL),(3468,'3',NULL,2,75,NULL),(3469,'3',NULL,2,75,NULL),(3470,'3',NULL,2,75,NULL),(3471,'3',NULL,2,75,NULL),(3472,'3',NULL,2,75,NULL),(3473,'3',NULL,2,75,NULL),(3474,'3',NULL,2,75,NULL),(3475,'3',NULL,2,75,NULL),(3476,'3',NULL,2,75,NULL),(3477,'3',NULL,2,75,NULL),(3478,'3',NULL,2,75,NULL),(3479,'3',NULL,2,75,NULL),(3480,'3',NULL,2,75,NULL),(3481,'3',NULL,2,75,NULL),(3482,'3',NULL,2,75,NULL),(3483,'3',NULL,2,75,NULL),(3484,'3',NULL,2,75,NULL),(3485,'3',NULL,2,75,NULL),(3486,'3',NULL,2,75,NULL),(3487,'3',NULL,2,75,NULL),(3488,'3',NULL,2,75,NULL),(3489,'3',NULL,2,75,NULL),(3490,'3',NULL,2,75,NULL),(3491,'3',NULL,2,75,NULL),(3492,'3',NULL,2,75,NULL),(3493,'3',NULL,2,75,NULL),(3494,'3',NULL,2,75,NULL),(3495,'3',NULL,2,75,NULL),(3496,'3',NULL,2,75,NULL),(3497,'3',NULL,2,75,NULL),(3498,'3',NULL,2,75,NULL),(3499,'3',NULL,2,75,NULL),(3500,'3',NULL,2,75,NULL),(3501,'3',NULL,2,75,NULL),(3502,'3',NULL,2,75,NULL),(3503,'3',NULL,2,75,NULL),(3504,'3',NULL,2,75,NULL),(3505,'3',NULL,2,75,NULL),(3506,'3',NULL,2,75,NULL),(3507,'3',NULL,2,75,NULL),(3508,'3',NULL,2,75,NULL),(3509,'3',NULL,2,75,NULL),(3510,'3',NULL,2,75,NULL),(3511,'3',NULL,2,75,NULL),(3512,'3',NULL,2,75,NULL),(3513,'3',NULL,2,75,NULL),(3514,'3',NULL,2,75,NULL),(3515,'3',NULL,2,75,NULL),(3516,'3',NULL,2,75,NULL),(3517,'3',NULL,2,75,NULL),(3518,'3',NULL,2,75,NULL),(3519,'3',NULL,2,75,NULL),(3520,'3',NULL,2,75,NULL),(3521,'3',NULL,2,75,NULL),(3522,'3',NULL,2,75,NULL),(3523,'3',NULL,2,75,NULL),(3524,'3',NULL,2,75,NULL),(3525,'3',NULL,2,75,NULL),(3526,'3',NULL,2,75,NULL),(3527,'3',NULL,2,75,NULL),(3528,'3',NULL,2,75,NULL),(3529,'3',NULL,2,75,NULL),(3530,'3',NULL,2,75,NULL),(3531,'3',NULL,2,75,NULL),(3532,'3',NULL,2,75,NULL),(3533,'3',NULL,2,75,NULL),(3534,'3',NULL,2,75,NULL),(3535,'3',NULL,2,75,NULL),(3536,'3',NULL,2,75,NULL),(3537,'3',NULL,2,75,NULL),(3538,'3',NULL,2,75,NULL),(3539,'3',NULL,2,75,NULL),(3540,'3',NULL,2,75,NULL),(3541,'3',NULL,2,75,NULL),(3542,'3',NULL,2,75,NULL),(3543,'3',NULL,2,75,NULL),(3544,'3',NULL,2,75,NULL),(3545,'3',NULL,2,75,NULL),(3546,'3',NULL,2,75,NULL),(3547,'3',NULL,2,75,NULL),(3548,'3',NULL,2,75,NULL),(3549,'3',NULL,2,75,NULL),(3550,'3',NULL,2,75,NULL),(3551,'3',NULL,2,75,NULL),(3552,'3',NULL,2,75,NULL),(3553,'3',NULL,2,75,NULL),(3554,'3',NULL,2,75,NULL),(3555,'3',NULL,2,75,NULL),(3556,'3',NULL,2,75,NULL),(3557,'3',NULL,2,75,NULL),(3558,'3',NULL,2,75,NULL),(3559,'3',NULL,2,75,NULL),(3560,'3',NULL,2,75,NULL),(3561,'3',NULL,2,75,NULL),(3562,'3',NULL,2,75,NULL),(3563,'3',NULL,2,75,NULL),(3564,'3',NULL,2,75,NULL),(3565,'3',NULL,2,75,NULL),(3566,'3',NULL,2,75,NULL),(3567,'3',NULL,2,75,NULL),(3568,'3',NULL,2,75,NULL),(3569,'3',NULL,2,75,NULL),(3570,'3',NULL,2,75,NULL),(3571,'3',NULL,2,75,NULL),(3572,'3',NULL,2,75,NULL),(3573,'3',NULL,2,75,NULL),(3574,'3',NULL,2,75,NULL),(3575,'3',NULL,2,75,NULL),(3576,'3',NULL,2,75,NULL),(3577,'3',NULL,2,75,NULL),(3578,'3',NULL,2,75,NULL),(3579,'3',NULL,2,75,NULL),(3580,'3',NULL,2,75,NULL),(3581,'3',NULL,2,75,NULL),(3582,'3',NULL,2,75,NULL),(3583,'3',NULL,2,75,NULL),(3584,'3',NULL,2,75,NULL),(3585,'3',NULL,2,75,NULL),(3586,'3',NULL,2,75,NULL),(3587,'3',NULL,2,75,NULL),(3588,'3',NULL,2,75,NULL),(3589,'3',NULL,2,75,NULL),(3590,'3',NULL,2,75,NULL),(3591,'3',NULL,2,75,NULL),(3592,'3',NULL,2,75,NULL),(3593,'3',NULL,2,75,NULL),(3594,'3',NULL,2,75,NULL),(3595,'3',NULL,2,75,NULL),(3596,'3',NULL,2,75,NULL),(3597,'3',NULL,2,75,NULL),(3598,'3',NULL,2,75,NULL),(3599,'3',NULL,2,75,NULL),(3600,'3',NULL,2,75,NULL),(3601,'3',NULL,2,75,NULL),(3602,'3',NULL,2,75,NULL),(3603,'3',NULL,2,75,NULL),(3604,'3',NULL,2,75,NULL),(3605,'3',NULL,2,75,NULL),(3606,'3',NULL,2,75,NULL),(3607,'3',NULL,2,75,NULL),(3608,'3',NULL,2,75,NULL),(3609,'3',NULL,2,75,NULL),(3610,'3',NULL,2,75,NULL),(3611,'3',NULL,2,75,NULL),(3612,'3',NULL,2,75,NULL),(3613,'3',NULL,2,75,NULL),(3614,'3',NULL,2,75,NULL),(3615,'3',NULL,2,75,NULL),(3616,'3',NULL,2,75,NULL),(3617,'3',NULL,2,75,NULL),(3618,'3',NULL,2,75,NULL),(3619,'3',NULL,2,75,NULL),(3620,'3',NULL,2,75,NULL),(3621,'3',NULL,2,75,NULL),(3622,'3',NULL,2,75,NULL),(3623,'3',NULL,2,75,NULL),(3624,'3',NULL,2,75,NULL),(3625,'3',NULL,2,75,NULL),(3626,'3',NULL,2,75,NULL),(3627,'3',NULL,2,75,NULL),(3628,'3',NULL,2,75,NULL),(3629,'3',NULL,2,75,NULL),(3630,'3',NULL,2,75,NULL),(3631,'3',NULL,2,75,NULL),(3632,'3',NULL,2,75,NULL),(3633,'3',NULL,2,75,NULL),(3634,'3',NULL,2,75,NULL),(3635,'3',NULL,2,75,NULL),(3636,'3',NULL,2,75,NULL),(3637,'3',NULL,2,75,NULL),(3638,'3',NULL,2,75,NULL),(3639,'3',NULL,2,75,NULL),(3640,'3',NULL,2,75,NULL),(3641,'3',NULL,2,75,NULL),(3642,'3',NULL,2,75,NULL),(3643,'3',NULL,2,75,NULL),(3644,'3',NULL,2,75,NULL),(3645,'3',NULL,2,75,NULL),(3646,'3',NULL,2,75,NULL),(3647,'3',NULL,2,75,NULL),(3648,'3',NULL,2,75,NULL),(3649,'3',NULL,2,75,NULL),(3650,'3',NULL,2,75,NULL),(3651,'3',NULL,2,75,NULL),(3652,'3',NULL,2,75,NULL),(3653,'3',NULL,2,75,NULL),(3654,'3',NULL,2,75,NULL);
/*!40000 ALTER TABLE `scores` ENABLE KEYS */;
UNLOCK TABLES;

--
-- Dumping events for database 'evolve'
--

--
-- Dumping routines for database 'evolve'
--
/*!40103 SET TIME_ZONE=@OLD_TIME_ZONE */;

/*!40101 SET SQL_MODE=@OLD_SQL_MODE */;
/*!40014 SET FOREIGN_KEY_CHECKS=@OLD_FOREIGN_KEY_CHECKS */;
/*!40014 SET UNIQUE_CHECKS=@OLD_UNIQUE_CHECKS */;
/*!40101 SET CHARACTER_SET_CLIENT=@OLD_CHARACTER_SET_CLIENT */;
/*!40101 SET CHARACTER_SET_RESULTS=@OLD_CHARACTER_SET_RESULTS */;
/*!40101 SET COLLATION_CONNECTION=@OLD_COLLATION_CONNECTION */;
/*!40111 SET SQL_NOTES=@OLD_SQL_NOTES */;

-- Dump completed on 2018-05-29  8:56:25
